idx,timestamp,type,asset,qty,fee,asset_b,qty_b,fee_b,address,balanceB,plus,diversi
0,1503520038,DEPOSIT,BTC,0.02706053,nan,nan,0.0,0.0,1EoJACEcyswn1DjsMBrf2fH3JHyUZif5jM,0.02706053,0,0
1,1503520671,DEPOSIT,ETH,0.4758541,nan,nan,0.0,0.0,0x4fc2f7079a4dca9245be69ee4a8627f1c07b85ba,0.02706053,0,0
4,1503596754,Bought,ETC,5.39857574,0.0,BTC,0.01950143,4.875e-05,nan,0.007510349999999999,0,0
5,1503605131,Bought,NXT,1.49831483,0.0,BTC,4.27e-05,1e-07,nan,0.007467549999999999,0,0
6,1503606281,Bought,NXT,175.06142506,0.0,BTC,0.00498749,1.246e-05,nan,0.0024675999999999995,0,0
7,1503607999,Sold,ETC,5.39857574,0.0,BTC,0.01954203,4.884e-05,nan,0.021960789999999997,0,0
8,1503608328,Bought,ETC,1.38538203,0.0,BTC,0.00498747,1.245e-05,nan,0.016960869999999996,0,0
9,1503832700,Sold,ETH,0.01288929,0.0,BTC,0.0010025,2.5e-06,nan,0.017960869999999997,0,0
10,1503832843,Sold,ETH,0.12889287,0.0,BTC,0.01002499,2.506e-05,nan,0.027960799999999994,0,0
11,1503833060,Bought,LSK,6.0958555,0.0,BTC,0.01064159,2.66e-05,nan,0.017292609999999993,0,0
12,1503836621,Sold,ETC,1.38538203,0.0,BTC,0.00507049,1.267e-05,nan,0.022350429999999994,0,0
13,1503842400,Bought,STRAX,3.49355433,0.0,BTC,0.00537619,1.344e-05,nan,0.016960799999999995,0,0
14,1503855230,Sold,STRAX,3.49355433,0.0,BTC,0.00549885,1.374e-05,nan,0.022445909999999993,0,0
15,1503858425,Sold,ETH,0.20506459,0.0,BTC,0.0159376099999999,3.984e-05,nan,0.038343679999999894,0,0
16,1503858548,Bought,STRAX,3.03562408,0.0,BTC,0.0049875,1.246e-05,nan,0.033343719999999896,0,0
17,1503858593,Bought,STRAX,3.58702241,0.0,BTC,0.00588307,1.47e-05,nan,0.027445949999999896,0,0
18,1503865601,Sold,LSK,6.0958555,0.0,BTC,0.00935652,2.339e-05,nan,0.036779079999999895,0,0
19,1503954158,Bought,BTS,273.90046999,0.0,BTC,0.00930987,2.327e-05,nan,0.027445939999999894,0,0
20,1504021712,Sold,NXT,176.55973989,0.0,BTC,0.0042180099999999,1.054e-05,nan,0.03165340999999979,0,0
21,1504021876,Sold,ETH,0.12900735,0.0,BTC,0.01027543,2.568e-05,nan,0.041903159999999794,0,0
22,1504022143,Sold,BTS,273.90046999,0.0,BTC,0.00828001,2.07e-05,nan,0.05016246999999979,0,0
23,1504026533,Bought,GNO,0.12422093,0.0,BTC,0.00498735,1.246e-05,nan,0.04516265999999979,0,0
24,1504291839,Bought,ADT,410.49382716,0.0,BTC,0.00498749,1.246e-05,nan,0.040162709999999796,0,0
25,1504291929,Bought,XCP,1.68270366,0.0,BTC,0.0049892,1.246e-05,nan,0.0351610499999998,0,0
26,1504293013,Bought,DOGE,10390.625,0.0,BTC,0.0049875,1.246e-05,nan,0.0301610899999998,0,0
27,1504293168,Bought,LTC,0.27105978,0.0,BTC,0.00498749,1.246e-05,nan,0.0251611399999998,0,0
28,1504300795,Sold,DOGE,10390.625,0.0,BTC,0.00519531,1.298e-05,nan,0.0303434699999998,0,0
29,1504304202,Sold,XCP,1.68270366,0.0,BTC,0.0051658999999999,1.291e-05,nan,0.0354964599999997,0,0
30,1504331870,Bought,BCH,0.13704658,0.0,BTC,0.01772505,4.43e-05,nan,0.017727109999999702,0,0
31,1504333370,Sold,BCH,0.13704658,0.0,BTC,0.01774753,4.436e-05,nan,0.0354302799999997,0,0
32,1504333852,Bought,LSK,5.2775012,0.0,BTC,0.00768404,1.921e-05,nan,0.0277270299999997,0,0
33,1504334234,Bought,STORJ,25.31725888,0.0,BTC,0.00488521,1.221e-05,nan,0.022829609999999702,0,0
34,1504334299,Bought,BLOCK,0.80770539,0.0,BTC,0.0049875,1.246e-05,nan,0.017829649999999704,0,0
35,1504356449,Sold,BLOCK,0.80770539,0.0,BTC,0.00516931,1.292e-05,nan,0.022986039999999704,0,0
36,1504364415,Bought,KORE,6.15748343,0.0,BTC,0.00501219,1.253e-05,nan,0.017961319999999704,0,0
37,1504373421,Sold,LTC,0.27105978,0.0,BTC,0.00455304,1.138e-05,nan,0.022502979999999704,0,0
38,1504378509,Bought,STEEM,15.80486348,0.0,BTC,0.00476405,1.191e-05,nan,0.017727019999999705,0,0
2,1504430260,DEPOSIT,BTC,0.08606164,nan,nan,0.0,0.0,1EoJACEcyswn1DjsMBrf2fH3JHyUZif5jM,0.1037886599999997,0,0
39,1504431280,Bought,DOGE,9975.0,0.0,BTC,0.0049875,1.246e-05,nan,0.0987886999999997,0,0
40,1504431721,Bought,ZEC,0.08769743,0.0,BTC,0.00498749,1.246e-05,nan,0.0937887499999997,0,0
41,1504436350,Bought,STRAX,3.58297414,0.0,BTC,0.00498355,1.245e-05,nan,0.0887927499999997,0,0
42,1504438007,Bought,BCH,0.03911765,0.0,BTC,0.00498749,1.246e-05,nan,0.0837927999999997,0,0
43,1504443009,Bought,XVG,798.0,0.0,BTC,0.0009975,2.49e-06,nan,0.08279280999999969,0,0
44,1504450910,Sold,BCH,0.03911765,0.0,BTC,0.00516352,1.29e-05,nan,0.08794342999999968,0,0
45,1504460449,Bought,KORE,8.3125,0.0,BTC,0.0049875,1.246e-05,nan,0.08294346999999969,0,0
46,1504464961,Bought,VIA,12.82529315,0.0,BTC,0.00474535,1.186e-05,nan,0.07818625999999969,0,0
47,1504486016,Sold,KORE,14.46998343,0.0,BTC,0.01027368,2.568e-05,nan,0.08843425999999968,0,0
48,1504496338,Sold,ADT,410.49382716,0.0,BTC,0.00517222,1.293e-05,nan,0.09359354999999968,0,0
49,1504537856,Bought,SLR,95.0,0.0,BTC,0.0049875,1.246e-05,nan,0.08859358999999968,0,0
50,1504537882,Sold,XVG,798.0,0.0,BTC,0.0009097199999999,2.27e-06,nan,0.08950103999999959,0,0
51,1504537891,Bought,SLR,95.69263239,0.0,BTC,0.0049875,1.246e-05,nan,0.08450107999999959,0,0
52,1504538387,Sold,DOGE,9975.0,0.0,BTC,0.00428925,1.072e-05,nan,0.08877960999999959,0,0
53,1504541685,Sold,BTC,0.05105263,0.0,USDT,208.65209881,0.52163024,nan,0.03772697999999959,175.6868223109016,0
54,1504632409,Bought,LTC,0.03636364,0.0,BTC,0.0005968799999999,1.49e-06,nan,0.037128609999999694,0,0
55,1504635652,Bought,BTC,0.0478116,0.0,USDT,207.61015915,0.51902539,nan,0.0849402099999997,0,0
56,1504690993,Sold,LTC,0.03636364,0.0,BTC,0.0006261799999999,1.56e-06,nan,0.08556482999999959,0,0
57,1504694502,Bought,LTC,0.06897463,0.0,BTC,0.00118628,2.96e-06,nan,0.0843755899999996,0,0
58,1504710314,Bought,XVG,363.63636364,0.0,BTC,0.0005890899999999,1.47e-06,nan,0.08378502999999969,0,0
59,1504710597,Bought,XVG,720.80593517,0.0,BTC,0.00117491,2.93e-06,nan,0.08260718999999969,0,0
60,1504710623,Sold,XVG,345.80593517,0.0,BTC,0.00056366,1.4e-06,nan,0.08316944999999969,0,0
61,1504710978,Sold,XVG,375.0,0.0,BTC,0.000615,1.53e-06,nan,0.08378291999999969,0,0
62,1504711857,Bought,XVG,375.0,0.0,BTC,0.0006,1.5e-06,nan,0.08318141999999969,0,0
63,1504720155,Sold,LTC,0.03488371,0.0,BTC,0.00061325,1.53e-06,nan,0.08379313999999968,0,0
64,1504720962,Bought,MONA,39.2809325,0.0,BTC,0.00484844,1.212e-05,nan,0.07893257999999968,0,0
65,1504723045,Sold,MONA,39.2809325,0.0,BTC,0.00510652,1.276e-05,nan,0.08402633999999969,0,0
66,1504726734,Bought,DGB,269.69696969,0.0,BTC,0.00115969,2.89e-06,nan,0.08286375999999969,0,0
67,1504726832,Bought,DGB,139.53488372,0.0,BTC,0.00059999,1.49e-06,nan,0.08226227999999969,0,0
68,1504728632,Sold,XVG,375.0,0.0,BTC,0.000615,1.53e-06,nan,0.08287574999999969,0,0
69,1504729146,Bought,DGB,142.85714286,0.0,BTC,0.00060285,1.5e-06,nan,0.08227139999999969,0,0
70,1504729179,Sold,XVG,363.63636364,0.0,BTC,0.00061454,1.53e-06,nan,0.08288440999999969,0,0
71,1504730544,Bought,XVG,695.79831933,0.0,BTC,0.0011550199999999,2.88e-06,nan,0.08172650999999978,0,0
72,1504733698,Sold,DGB,142.85714286,0.0,BTC,0.00061285,1.53e-06,nan,0.08233782999999978,0,0
73,1504733731,Bought,XVG,363.63636364,0.0,BTC,0.0006,1.5e-06,nan,0.08173632999999977,0,0
74,1504761505,Bought,DGB,142.85714286,0.0,BTC,0.00059571,1.48e-06,nan,0.08113913999999978,0,0
75,1504777935,Sold,LSK,5.2775012,0.0,BTC,0.008444,2.111e-05,nan,0.08956202999999978,0,0
76,1504779883,Bought,XVG,375.0,0.0,BTC,0.00059625,1.49e-06,nan,0.08896428999999978,0,0
77,1504779885,Bought,DGB,146.34146341,0.0,BTC,0.00058975,1.47e-06,nan,0.08837306999999978,0,0
78,1504780019,Bought,DGB,150.0,0.0,BTC,0.0006,1.5e-06,nan,0.08777156999999977,0,0
79,1504780487,Bought,LTC,0.03488371,0.0,BTC,0.0005997499999999,1.49e-06,nan,0.08717032999999987,0,0
80,1504781967,Bought,DGB,153.84615385,0.0,BTC,0.00060307,1.5e-06,nan,0.08656575999999987,0,0
81,1504782682,Bought,XVG,387.09677419,0.0,BTC,0.00060387,1.5e-06,nan,0.08596038999999987,0,0
82,1504787763,Bought,DGB,157.89473684,0.0,BTC,0.0006047299999999,1.51e-06,nan,0.08535414999999998,0,0
83,1504789913,Sold,DGB,157.89473684,0.0,BTC,0.00061578,1.53e-06,nan,0.08596839999999997,0,0
84,1504792324,Sold,LTC,0.03488372,0.0,BTC,0.00061395,1.53e-06,nan,0.08658081999999998,0,0
85,1504793326,Sold,DGB,153.84615385,0.0,BTC,0.00061538,1.53e-06,nan,0.08719466999999997,0,0
86,1504798525,Sold,DGB,150.0,0.0,BTC,0.000618,1.54e-06,nan,0.08781112999999997,0,0
87,1504799436,Sold,STEEM,15.80486348,0.0,BTC,0.0055475,1.386e-05,nan,0.09334476999999998,0,0
88,1504803682,Bought,STORJ,35.26230204,0.0,BTC,0.00493672,1.234e-05,nan,0.08839570999999997,0,0
89,1504804275,Sold,XVG,387.09677419,0.0,BTC,0.00061935,1.54e-06,nan,0.08901351999999997,0,0
91,1504807113,Bought,NEO,0.09773961,0.0,BTC,0.0005984899999999,1.49e-06,nan,0.08841354000000007,0,0
90,1504807113,Bought,NEO,0.09773961,0.0,BTC,0.0005984899999999,1.49e-06,nan,0.08781356000000017,0,0
93,1504808630,Bought,OMG,0.1972033,0.0,BTC,0.00055,1.37e-06,nan,0.08726219000000017,0,0
92,1504808630,Bought,OMG,0.1972033,0.0,BTC,0.00055,1.37e-06,nan,0.08671082000000017,0,0
94,1504809771,Bought,KMD,2.60111848,0.0,BTC,0.00199999,4.99e-06,nan,0.08470584000000017,0,0
95,1504809771,Bought,KMD,2.60111848,0.0,BTC,0.00199999,4.99e-06,nan,0.08270086000000017,0,0
96,1504813538,Bought,OK,81.74889362,0.0,BTC,0.00498749,1.246e-05,nan,0.07770091000000016,0,0
97,1504814216,Bought,GLM,55.93876178,0.0,BTC,0.00497854,1.244e-05,nan,0.07270993000000016,0,0
98,1504814282,Sold,NEO,0.09773961,0.0,BTC,0.00065999,1.64e-06,nan,0.07336828000000016,0,0
99,1504814820,Bought,DGB,150.0,0.0,BTC,0.0005985,1.49e-06,nan,0.07276829000000017,0,0
100,1504831739,Sold,OK,21.74889362,0.0,BTC,0.00143999,3.59e-06,nan,0.07420469000000017,0,0
101,1504846540,Bought,DGB,153.84615385,0.0,BTC,0.0006,1.5e-06,nan,0.07360319000000017,0,0
102,1504857850,Sold,DGB,153.84615385,0.0,BTC,0.00061692,1.54e-06,nan,0.07421857000000016,0,0
103,1504862592,Sold,XVG,375.0,0.0,BTC,0.000615,1.53e-06,nan,0.07483204000000017,0,0
104,1504872346,Sold,KMD,2.60111848,0.0,BTC,0.0021199799999999,5.29e-06,nan,0.07694673000000007,0,0
105,1504872584,Sold,KMD,2.60111848,0.0,BTC,0.0021799899999999,5.44e-06,nan,0.07912127999999997,0,0
106,1504877356,Bought,LTC,0.03488372,0.0,BTC,0.00059605,1.49e-06,nan,0.07852373999999998,0,0
107,1504878014,Bought,LTC,0.03571429,0.0,BTC,0.00059607,1.49e-06,nan,0.07792617999999998,0,0
108,1504878090,Bought,XVG,375.0,0.0,BTC,0.0006,1.5e-06,nan,0.07732467999999998,0,0
109,1504878148,Bought,DGB,153.84615385,0.0,BTC,0.00060615,1.51e-06,nan,0.07671701999999998,0,0
110,1504879383,Bought,XVG,387.09677419,0.0,BTC,0.00060387,1.5e-06,nan,0.07611164999999999,0,0
111,1504879945,Bought,LTC,0.03658537,0.0,BTC,0.00059817,1.49e-06,nan,0.07551198999999999,0,0
112,1504880015,Bought,DGB,157.89473684,0.0,BTC,0.00060157,1.5e-06,nan,0.07490891999999999,0,0
113,1504880538,Bought,DGB,162.16216216,0.0,BTC,0.00060162,1.5e-06,nan,0.07430579999999999,0,0
114,1504881281,Sold,LTC,0.03658537,0.0,BTC,0.00061628,1.54e-06,nan,0.07492054,0,0
115,1504881968,Sold,DGB,162.16216216,0.0,BTC,0.00062108,1.55e-06,nan,0.07554006999999999,0,0
116,1504882688,Sold,XVG,387.09677419,0.0,BTC,0.00061935,1.54e-06,nan,0.07615787999999998,0,0
117,1504886949,Sold,LTC,0.03571429,0.0,BTC,0.00061371,1.53e-06,nan,0.07677005999999999,0,0
118,1504887853,Bought,STORJ,36.15702479,0.0,BTC,0.00498749,1.246e-05,nan,0.07177010999999998,0,0
119,1504889263,Sold,DGB,157.89473684,0.0,BTC,0.00061736,1.54e-06,nan,0.07238592999999999,0,0
120,1504891345,Bought,DGB,157.89473684,0.0,BTC,0.00059842,1.49e-06,nan,0.07178601999999999,0,0
121,1504893158,Bought,LTC,0.03571429,0.0,BTC,0.00059979,1.49e-06,nan,0.07118474,0,0
122,1504895410,Sold,NEO,0.09773961,0.0,BTC,0.00056591,1.41e-06,nan,0.07174923999999999,0,0
123,1504901596,Bought,DGB,162.16216216,0.0,BTC,0.0006145899999999,1.53e-06,nan,0.07113312000000009,0,0
124,1504901898,Bought,XVG,387.09677419,0.0,BTC,0.00060774,1.51e-06,nan,0.07052387000000009,0,0
125,1504934149,Sold,DGB,162.16216216,0.0,BTC,0.00061135,1.52e-06,nan,0.07113370000000009,0,0
126,1504935353,Sold,XVG,387.09677419,0.0,BTC,0.00061935,1.54e-06,nan,0.07175151000000009,0,0
127,1504940806,Sold,OK,20.0,0.0,BTC,0.0013874,3.46e-06,nan,0.07313545000000009,0,0
128,1504941184,Sold,OK,20.0,0.0,BTC,0.0014506,3.62e-06,nan,0.07458243000000009,0,0
129,1504949421,Bought,LTC,0.03658537,0.0,BTC,0.00059927,1.49e-06,nan,0.07398167000000008,0,0
130,1504951872,Sold,SLR,190.69263239,0.0,BTC,0.01039274,2.598e-05,nan,0.08434843000000009,0,0
131,1504955074,Sold,OK,20.0,0.0,BTC,0.0016554,4.13e-06,nan,0.08599970000000008,0,0
132,1504958741,Bought,XVG,387.09677419,0.0,BTC,0.00060774,1.51e-06,nan,0.08539045000000008,0,0
133,1504969612,Bought,DGB,162.16216216,0.0,BTC,0.00060648,1.51e-06,nan,0.08478246000000007,0,0
134,1505023872,Bought,LTC,0.0375,0.0,BTC,0.00059733,1.49e-06,nan,0.08418364000000007,0,0
135,1505023873,Sold,XVG,762.09677419,0.0,BTC,0.0012726999999999,3.18e-06,nan,0.08545315999999997,0,0
136,1505023875,Bought,DGB,166.66666667,0.0,BTC,0.00058833,1.47e-06,nan,0.08486335999999997,0,0
137,1505023945,Bought,DGB,171.42857143,0.0,BTC,0.00060514,1.51e-06,nan,0.08425670999999997,0,0
138,1505025249,Sold,XVG,363.63636364,0.0,BTC,0.00061454,1.53e-06,nan,0.08486971999999997,0,0
139,1505025453,Sold,BTC,0.03029236,0.0,USDT,122.6892077,0.30672301,nan,0.054577359999999964,105.05182284560364,0
140,1505028568,Bought,OK,57.59237875,0.0,BTC,0.0049529399999999,1.238e-05,nan,0.049612040000000066,0,0
141,1505028597,Bought,NEO,0.98782524,0.0,BTC,0.0049875,1.246e-05,nan,0.04461208000000007,0,0
142,1505034459,Sold,NEO,0.98782524,0.0,BTC,0.00512185,1.28e-05,nan,0.049721130000000065,0,0
143,1505035993,Bought,LTC,0.03846154,0.0,BTC,0.00059988,1.49e-06,nan,0.04911976000000007,0,0
144,1505038861,Bought,DGB,358.28877006,0.0,BTC,0.0012540099999999,3.13e-06,nan,0.04786262000000017,0,0
145,1505038895,Sold,DGB,181.81818182,0.0,BTC,0.00062727,1.56e-06,nan,0.04848833000000017,0,0
146,1505040175,Bought,DGB,181.81818182,0.0,BTC,0.0006,1.5e-06,nan,0.04788683000000017,0,0
147,1505045093,Sold,XVG,352.94117647,0.0,BTC,0.00061411,1.53e-06,nan,0.04849941000000017,0,0
148,1505045096,Sold,OK,50.85080572,0.0,BTC,0.00458216,1.145e-05,nan,0.05307012000000017,0,0
149,1505045165,Sold,DGB,181.81818182,0.0,BTC,0.00061818,1.54e-06,nan,0.053686760000000174,0,0
150,1505045792,Sold,XVG,342.85714286,0.0,BTC,0.00061371,1.53e-06,nan,0.05429894000000017,0,0
151,1505045936,Bought,VIA,19.69942334,0.0,BTC,0.0049875,1.246e-05,nan,0.04929898000000017,0,0
152,1505046940,Bought,XVG,947.80610569,0.0,BTC,0.00171552,4.28e-06,nan,0.04757918000000017,0,0
153,1505046994,Bought,XVG,333.33333333,0.0,BTC,0.00059999,1.49e-06,nan,0.04697770000000017,0,0
154,1505047617,Sold,XVG,333.33333333,0.0,BTC,0.00061666,1.54e-06,nan,0.04759282000000017,0,0
155,1505048076,Sold,XVG,324.32432432,0.0,BTC,0.00060648,1.51e-06,nan,0.04819779000000017,0,0
156,1505048427,Sold,DGB,176.47058824,0.0,BTC,0.0006176399999999,1.54e-06,nan,0.04881389000000007,0,0
157,1505049448,Bought,XVG,324.32432432,0.0,BTC,0.00059999,1.49e-06,nan,0.04821241000000007,0,0
158,1505051376,Bought,XVG,333.33333333,0.0,BTC,0.00059999,1.49e-06,nan,0.047610930000000065,0,0
159,1505051867,Sold,LTC,0.03846154,0.0,BTC,0.00061162,1.52e-06,nan,0.04822103000000007,0,0
160,1505052571,Sold,XVG,333.33333333,0.0,BTC,0.00061666,1.54e-06,nan,0.048836150000000064,0,0
161,1505054754,Bought,GRS,34.59937565,0.0,BTC,0.00099749,2.49e-06,nan,0.04783617000000007,0,0
162,1505056550,Sold,OK,6.74157303,0.0,BTC,0.00061975,1.54e-06,nan,0.04845438000000007,0,0
163,1505056585,Bought,OK,6.52173913,0.0,BTC,0.0005999299999999,1.49e-06,nan,0.047852960000000166,0,0
164,1505058407,Sold,XVG,324.32432432,0.0,BTC,0.00061297,1.53e-06,nan,0.048464400000000164,0,0
165,1505058726,Bought,OK,6.74157303,0.0,BTC,0.0005999299999999,1.49e-06,nan,0.04786298000000026,0,0
166,1505059600,Sold,XVG,315.78947368,0.0,BTC,0.00061263,1.53e-06,nan,0.048474080000000266,0,0
167,1505063547,Sold,DGB,171.42857143,0.0,BTC,0.00062057,1.55e-06,nan,0.049093100000000264,0,0
168,1505065453,Bought,XVG,315.78947368,0.0,BTC,0.00059999,1.49e-06,nan,0.04849162000000026,0,0
169,1505069307,Bought,XVG,324.32432432,0.0,BTC,0.00059999,1.49e-06,nan,0.04789014000000026,0,0
170,1505072017,Bought,NEO,0.21059114,0.0,BTC,0.00116562,2.91e-06,nan,0.04672161000000026,0,0
171,1505072169,Bought,OMG,0.42118226,0.0,BTC,0.00115825,2.89e-06,nan,0.04556047000000026,0,0
172,1505078133,Sold,XVG,324.32432432,0.0,BTC,0.00061297,1.53e-06,nan,0.04617191000000026,0,0
173,1505078293,Bought,NAV,3.60108303,0.0,BTC,0.00099749,2.49e-06,nan,0.04517193000000026,0,0
174,1505079264,Bought,TKS,2.11030718,0.0,BTC,0.00099747,2.49e-06,nan,0.04417197000000026,0,0
175,1505106666,Bought,XVG,657.65765765,0.0,BTC,0.0011772,2.94e-06,nan,0.04299183000000026,0,0
176,1505106668,Bought,DGB,171.42857143,0.0,BTC,0.0006,1.5e-06,nan,0.04239033000000026,0,0
177,1505106670,Sold,OK,6.74157303,0.0,BTC,0.00063026,1.57e-06,nan,0.04301902000000026,0,0
178,1505106671,Bought,NEO,0.11111111,0.0,BTC,0.0005905499999999,1.47e-06,nan,0.04242700000000036,0,0
179,1505106673,Bought,OMG,0.22222222,0.0,BTC,0.00059977,1.49e-06,nan,0.04182574000000036,0,0
180,1505107067,Sold,OK,6.52173913,0.0,BTC,0.00061956,1.54e-06,nan,0.04244376000000036,0,0
181,1505107430,Bought,OK,6.31578947,0.0,BTC,0.00059494,1.48e-06,nan,0.04184734000000036,0,0
182,1505107468,Sold,OK,6.31578947,0.0,BTC,0.00060486,1.51e-06,nan,0.04245069000000036,0,0
183,1505107571,Bought,OK,6.12244898,0.0,BTC,0.00058738,1.46e-06,nan,0.04186185000000036,0,0
184,1505109166,Bought,OK,6.18815708,0.0,BTC,0.00058775,1.46e-06,nan,0.04127264000000036,0,0
185,1505110541,Sold,OK,6.25,0.0,BTC,0.0006186799999999,1.54e-06,nan,0.04188978000000026,0,0
186,1505110874,Bought,NEO,0.11538462,0.0,BTC,0.00060177,1.5e-06,nan,0.041286510000000255,0,0
187,1505113324,Sold,OK,6.06060606,0.0,BTC,0.00063369,1.58e-06,nan,0.04191862000000025,0,0
188,1505113392,Bought,SYS,14.81729055,0.0,BTC,0.00099749,2.49e-06,nan,0.040918640000000256,0,0
189,1505113433,Bought,OK,5.88235294,0.0,BTC,0.00060552,1.51e-06,nan,0.040311610000000254,0,0
190,1505113470,Sold,OK,5.88235294,0.0,BTC,0.0006029399999999,1.5e-06,nan,0.04091305000000015,0,0
191,1505113540,Bought,OK,5.71428571,0.0,BTC,0.00059114,1.47e-06,nan,0.04032044000000015,0,0
192,1505113850,Sold,NEO,0.11538462,0.0,BTC,0.00062312,1.55e-06,nan,0.040942010000000154,0,0
193,1505114182,Sold,OK,5.71428571,0.0,BTC,0.00059571,1.48e-06,nan,0.041536240000000155,0,0
194,1505114713,Bought,OK,5.60747664,0.0,BTC,0.00060168,1.5e-06,nan,0.04093306000000015,0,0
195,1505116030,Sold,BTC,0.0023869,0.0,USDT,10.02498,0.02506244,nan,0.038546160000000156,8.421000936844077,0
196,1505116472,Bought,BTC,0.0023869,0.0,USDT,9.929504,0.02482376,nan,0.04093306000000015,0,0
197,1505116716,Sold,OK,5.60747664,0.0,BTC,0.00061401,1.53e-06,nan,0.04154554000000015,0,0
198,1505117437,Sold,LTC,0.03533082,0.0,BTC,0.00056529,1.41e-06,nan,0.042109420000000154,0,0
199,1505117440,Sold,DGB,427.99310224,0.0,BTC,0.00147657,3.69e-06,nan,0.04358230000000016,0,0
200,1505117591,Bought,OK,5.17241379,0.0,BTC,0.0005974099999999,1.49e-06,nan,0.042983400000000255,0,0
201,1505117774,Sold,XVG,333.33333333,0.0,BTC,0.00061333,1.53e-06,nan,0.04359520000000026,0,0
202,1505117962,Sold,OK,5.17241379,0.0,BTC,0.00063444,1.58e-06,nan,0.044228060000000256,0,0
203,1505118628,Sold,XVG,324.32432432,0.0,BTC,0.00060972,1.52e-06,nan,0.04483626000000026,0,0
204,1505118854,Bought,OK,5.17241379,0.0,BTC,0.00059808,1.49e-06,nan,0.04423669000000026,0,0
205,1505119377,Bought,XVG,324.32432432,0.0,BTC,0.00059999,1.49e-06,nan,0.04363521000000026,0,0
206,1505119455,Bought,OK,5.35714286,0.0,BTC,0.00058928,1.47e-06,nan,0.043044460000000256,0,0
207,1505120268,Sold,OK,5.35714286,0.0,BTC,0.00062357,1.55e-06,nan,0.04366648000000026,0,0
208,1505122091,Bought,OK,5.35714286,0.0,BTC,0.00059978,1.49e-06,nan,0.043065210000000256,0,0
209,1505125057,Sold,OK,5.35714286,0.0,BTC,0.00062303,1.55e-06,nan,0.04368669000000026,0,0
210,1505127874,Bought,XVG,333.33333333,0.0,BTC,0.00060333,1.5e-06,nan,0.043081860000000256,0,0
211,1505128954,Sold,DGB,176.47058824,0.0,BTC,0.00063352,1.58e-06,nan,0.043713800000000254,0,0
212,1505129031,Sold,DGB,169.01408451,0.0,BTC,0.00063549,1.58e-06,nan,0.044347710000000255,0,0
213,1505129069,Sold,DGB,162.16216216,0.0,BTC,0.00063081,1.57e-06,nan,0.04497695000000026,0,0
214,1505129145,Sold,DGB,155.84415584,0.0,BTC,0.00062181,1.55e-06,nan,0.045597210000000256,0,0
215,1505129182,Sold,XVG,333.33333333,0.0,BTC,0.00061333,1.53e-06,nan,0.04620901000000026,0,0
216,1505129297,Bought,OK,5.35714286,0.0,BTC,0.00060525,1.51e-06,nan,0.04560225000000026,0,0
217,1505129521,Bought,DGB,155.84415584,0.0,BTC,0.0005922,1.48e-06,nan,0.04500857000000026,0,0
218,1505129861,Sold,DGB,155.84415584,0.0,BTC,0.00064051,1.6e-06,nan,0.04564748000000026,0,0
219,1505129909,Bought,BTC,0.00538159,0.0,USDT,22.37329256,0.05593323,nan,0.05102907000000026,0,0
220,1505130083,Sold,DGB,150.0,0.0,BTC,0.0006225,1.55e-06,nan,0.05165002000000026,0,0
221,1505131313,Bought,OK,5.55555556,0.0,BTC,0.0005977199999999,1.49e-06,nan,0.05105081000000036,0,0
222,1505131388,Bought,DGB,150.0,0.0,BTC,0.0005985,1.49e-06,nan,0.05045082000000036,0,0
223,1505131727,Sold,OK,5.55555556,0.0,BTC,0.00062333,1.55e-06,nan,0.051072600000000364,0,0
224,1505133335,Sold,DGB,150.0,0.0,BTC,0.000621,1.55e-06,nan,0.051692050000000364,0,0
225,1505134943,Sold,OK,5.35714286,0.0,BTC,0.0006240999999999,1.56e-06,nan,0.052314590000000265,0,0
226,1505137220,Sold,OK,5.17241379,0.0,BTC,0.00062431,1.56e-06,nan,0.05293734000000026,0,0
227,1505138403,Sold,TKS,2.11030718,0.0,BTC,0.00105515,2.63e-06,nan,0.053989860000000264,0,0
228,1505138728,Sold,DGB,144.57831325,0.0,BTC,0.00062168,1.55e-06,nan,0.05460999000000026,0,0
229,1505139325,Sold,XVG,324.32432432,0.0,BTC,0.00061297,1.53e-06,nan,0.05522143000000026,0,0
230,1505139699,Bought,OK,9.67993755,0.0,BTC,0.00114678,2.86e-06,nan,0.05407179000000026,0,0
231,1505139812,Bought,OK,5.08474576,0.0,BTC,0.0005974499999999,1.49e-06,nan,0.053472850000000356,0,0
232,1505140680,Bought,GAME,1.37931034,0.0,BTC,0.00059296,1.48e-06,nan,0.052878410000000355,0,0
233,1505140854,Bought,GAME,3.81671648,0.0,BTC,0.00163573,4.08e-06,nan,0.051238600000000356,0,0
234,1505141777,Sold,LTC,0.03620938,0.0,BTC,0.00058717,1.46e-06,nan,0.05182431000000036,0,0
235,1505141887,Bought,DGB,127.76146076,0.0,BTC,0.00054298,1.35e-06,nan,0.05127998000000036,0,0
236,1505141892,Bought,GAME,1.23189848,0.0,BTC,0.00052971,1.32e-06,nan,0.050748950000000355,0,0
237,1505142129,Bought,QTUM,0.30652695,0.0,BTC,0.0009975,2.49e-06,nan,0.049748960000000356,0,0
238,1505142376,Bought,DGB,144.23076923,0.0,BTC,0.00059711,1.49e-06,nan,0.04915036000000036,0,0
239,1505143495,Sold,GRS,34.59937565,0.0,BTC,0.00105528,2.63e-06,nan,0.05020301000000036,0,0
240,1505144333,Sold,OK,9.59226952,0.0,BTC,0.00112824,2.82e-06,nan,0.05132843000000036,0,0
241,1505145722,Bought,GAME,1.44230769,0.0,BTC,0.00059727,1.49e-06,nan,0.050729670000000365,0,0
242,1505146450,Sold,OK,5.17241379,0.0,BTC,0.00062068,1.55e-06,nan,0.05134880000000037,0,0
243,1505147110,Bought,OK,9.71959076,0.0,BTC,0.00116304,2.9e-06,nan,0.05018286000000037,0,0
244,1505147911,Bought,CVC,9.21903882,0.0,BTC,0.0009975,2.49e-06,nan,0.04918287000000037,0,0
245,1505151204,Bought,EDGELESS,5.7997558,0.0,BTC,0.0009975,2.49e-06,nan,0.04818288000000037,0,0
246,1505151486,Bought,EDGELESS,5.9375,0.0,BTC,0.00099453,2.48e-06,nan,0.04718587000000037,0,0
247,1505151514,Sold,GAME,1.44230769,0.0,BTC,0.00062548,1.56e-06,nan,0.04780979000000037,0,0
248,1505155372,Bought,EDGELESS,17.46017854,0.0,BTC,0.00299249,7.48e-06,nan,0.044809820000000375,0,0
249,1505157863,Sold,OK,4.94505495,0.0,BTC,0.0006205,1.55e-06,nan,0.045428770000000375,0,0
250,1505161424,Sold,OK,4.77453581,0.0,BTC,0.00062355,1.55e-06,nan,0.04605077000000037,0,0
251,1505161505,Sold,XVG,296.80301549,0.0,BTC,0.00054314,1.35e-06,nan,0.04659256000000037,0,0
252,1505161985,Bought,OK,4.59770115,0.0,BTC,0.00060689,1.51e-06,nan,0.04598416000000037,0,0
253,1505164127,Bought,BLK,113.35227273,0.0,BTC,0.0049875,1.246e-05,nan,0.04098420000000037,0,0
254,1505164167,Bought,LUN,1.83363971,0.0,BTC,0.0049875,1.246e-05,nan,0.035984240000000375,0,0
255,1505165360,Sold,SYS,14.81729055,0.0,BTC,0.00118538,2.96e-06,nan,0.03716666000000038,0,0
256,1505183130,Sold,OMG,0.1972033,0.0,BTC,0.000583,1.45e-06,nan,0.03774821000000038,0,0
257,1505183314,Sold,OMG,0.1972033,0.0,BTC,0.00059949,1.49e-06,nan,0.03834621000000038,0,0
258,1505192540,Sold,OK,4.59770115,0.0,BTC,0.00074937,1.87e-06,nan,0.03909371000000038,0,0
259,1505192542,Sold,OMG,0.43650793,0.0,BTC,0.0012877,3.21e-06,nan,0.04037820000000038,0,0
260,1505192543,Bought,GAME,1.44230769,0.0,BTC,0.00059999,1.49e-06,nan,0.039776720000000376,0,0
261,1505192576,Bought,XVG,338.34586466,0.0,BTC,0.00060225,1.5e-06,nan,0.039172970000000376,0,0
262,1505192621,Bought,OK,3.65111562,0.0,BTC,0.00059586,1.48e-06,nan,0.038575630000000374,0,0
263,1505193633,Bought,OMG,0.17599641,0.0,BTC,0.00052123,1.3e-06,nan,0.038053100000000374,0,0
264,1505212092,Sold,OK,3.65111562,0.0,BTC,0.00069626,1.74e-06,nan,0.03874762000000037,0,0
265,1505212093,Bought,OMG,0.2020202,0.0,BTC,0.00059292,1.48e-06,nan,0.03815322000000037,0,0
266,1505212169,Bought,OK,3.10344828,0.0,BTC,0.00059151,1.47e-06,nan,0.03756024000000037,0,0
267,1505212628,Sold,DGB,144.23076923,0.0,BTC,0.00062163,1.55e-06,nan,0.03818032000000037,0,0
268,1505215734,Bought,XVG,350.87719298,0.0,BTC,0.0006035,1.5e-06,nan,0.03757532000000037,0,0
269,1505216965,Bought,OK,3.21428571,0.0,BTC,0.0005978499999999,1.49e-06,nan,0.03697598000000047,0,0
270,1505217537,Bought,OK,3.33333333,0.0,BTC,0.0005962599999999,1.49e-06,nan,0.03637823000000057,0,0
271,1505217805,Sold,OK,3.33333333,0.0,BTC,0.00062166,1.55e-06,nan,0.036998340000000574,0,0
272,1505218500,Bought,NEO,0.11538462,0.0,BTC,0.0006,1.5e-06,nan,0.036396840000000576,0,0
273,1505218652,Bought,OK,3.33333333,0.0,BTC,0.00059326,1.48e-06,nan,0.03580210000000057,0,0
274,1505218729,Bought,OK,3.46153846,0.0,BTC,0.00059884,1.49e-06,nan,0.03520177000000057,0,0
275,1505219074,Sold,OK,3.46153846,0.0,BTC,0.00062896,1.57e-06,nan,0.03582916000000057,0,0
276,1505219284,Bought,OMG,0.20979021,0.0,BTC,0.00060172,1.5e-06,nan,0.035225940000000566,0,0
277,1505219551,Sold,OK,3.33333333,0.0,BTC,0.00062346,1.55e-06,nan,0.03584785000000057,0,0
278,1505219935,Sold,OK,3.21428571,0.0,BTC,0.00062051,1.55e-06,nan,0.03646681000000057,0,0
279,1505220254,Bought,OK,3.21428571,0.0,BTC,0.00059753,1.49e-06,nan,0.03586779000000057,0,0
280,1505220326,Sold,OK,3.21428571,0.0,BTC,0.00062678,1.56e-06,nan,0.036493010000000575,0,0
281,1505223283,Bought,OK,3.21428571,0.0,BTC,0.00059467,1.48e-06,nan,0.03589686000000058,0,0
282,1505224322,Sold,GAME,1.44230769,0.0,BTC,0.00062339,1.55e-06,nan,0.03651870000000058,0,0
283,1505225350,Bought,OK,3.33333333,0.0,BTC,0.00059299,1.48e-06,nan,0.03592423000000058,0,0
284,1505225465,Bought,OK,3.46153846,0.0,BTC,0.00059005,1.47e-06,nan,0.03533271000000058,0,0
285,1505225808,Bought,DGB,144.23076923,0.0,BTC,0.00059999,1.49e-06,nan,0.03473123000000058,0,0
286,1505226191,Sold,OK,3.46153846,0.0,BTC,0.0006246299999999,1.56e-06,nan,0.03535430000000048,0,0
287,1505228372,Bought,XVG,364.37246964,0.0,BTC,0.00059757,1.49e-06,nan,0.03475524000000048,0,0
288,1505231321,Sold,XVG,364.37246964,0.0,BTC,0.00063036,1.57e-06,nan,0.035384030000000476,0,0
289,1505232244,Bought,OK,3.46153846,0.0,BTC,0.00059538,1.48e-06,nan,0.03478717000000048,0,0
290,1505232859,Sold,XVG,350.87719298,0.0,BTC,0.00062105,1.55e-06,nan,0.03540667000000048,0,0
291,1505233053,Bought,OK,3.6,0.0,BTC,0.000594,1.48e-06,nan,0.03481119000000048,0,0
292,1505233728,Bought,XVG,350.87719298,0.0,BTC,0.00059999,1.49e-06,nan,0.034209710000000476,0,0
293,1505234114,Bought,OK,3.75,0.0,BTC,0.0005996199999999,1.49e-06,nan,0.03360860000000058,0,0
294,1505234882,Sold,OK,3.75,0.0,BTC,0.0006250499999999,1.56e-06,nan,0.03423209000000048,0,0
295,1505235304,Bought,BTC,0.023317,0.0,USDT,99.703492,0.24925873,nan,0.05754909000000048,0,0
296,1505237618,Sold,OK,3.6,0.0,BTC,0.0006263999999999,1.56e-06,nan,0.05817393000000038,0,0
297,1505239375,Bought,DGB,150.0,0.0,BTC,0.000597,1.49e-06,nan,0.05757544000000038,0,0
298,1505239686,Bought,NEO,0.12,0.0,BTC,0.0006,1.5e-06,nan,0.05697394000000038,0,0
299,1505239800,Bought,OK,3.6,0.0,BTC,0.000594,1.48e-06,nan,0.05637846000000038,0,0
300,1505239996,Bought,OMG,0.21818182,0.0,BTC,0.0005984699999999,1.49e-06,nan,0.05577850000000048,0,0
301,1505240303,Bought,OK,3.75,0.0,BTC,0.00059625,1.49e-06,nan,0.05518076000000048,0,0
302,1505240305,Bought,NEO,0.125,0.0,BTC,0.00060125,1.5e-06,nan,0.05457801000000048,0,0
303,1505240544,Sold,OK,3.75,0.0,BTC,0.00063498,1.58e-06,nan,0.05521141000000048,0,0
304,1505240620,Sold,NEO,0.125,0.0,BTC,0.00062654,1.56e-06,nan,0.05583639000000048,0,0
305,1505241125,Bought,DGB,156.25,0.0,BTC,0.00059218,1.48e-06,nan,0.055242730000000476,0,0
306,1505241362,Bought,DGB,163.04347826,0.0,BTC,0.00059673,1.49e-06,nan,0.05464451000000048,0,0
307,1505242532,Sold,OK,3.6,0.0,BTC,0.00063086,1.57e-06,nan,0.05527380000000048,0,0
308,1505242855,Sold,DGB,163.04347826,0.0,BTC,0.00061956,1.54e-06,nan,0.055891820000000474,0,0
309,1505244015,Sold,OK,3.46153846,0.0,BTC,0.00062999,1.57e-06,nan,0.05652024000000047,0,0
310,1505244333,Sold,OK,3.33333333,0.0,BTC,0.00062099,1.55e-06,nan,0.05713968000000047,0,0
311,1505248460,Sold,OMG,0.21818182,0.0,BTC,0.0006243799999999,1.56e-06,nan,0.05776250000000037,0,0
312,1505250477,Bought,LTC,0.10723409,0.0,BTC,0.00172109,4.3e-06,nan,0.05603711000000037,0,0
313,1505254429,Sold,OK,6.31773399,0.0,BTC,0.00122879,3.07e-06,nan,0.05726283000000037,0,0
314,1505330293,Bought,GAM,2.2692012,0.0,BTC,0.0049875,1.246e-05,nan,0.05226287000000037,0,0
315,1505334406,Bought,STRAX,3.89953088,0.0,BTC,0.00498749,1.246e-05,nan,0.047262920000000375,0,0
316,1505335927,Bought,OK,31.171875,0.0,BTC,0.0049875,1.246e-05,nan,0.04226296000000038,0,0
317,1505504773,Sold,NAV,3.60108303,0.0,BTC,0.00104431,2.61e-06,nan,0.043304660000000376,0,0
318,1505536536,Sold,NEO,0.55708687,0.0,BTC,0.00307916,7.69e-06,nan,0.046376130000000376,0,0
319,1505578646,Bought,NEO,0.92618728,0.0,BTC,0.00498749,1.246e-05,nan,0.04137618000000037,0,0
320,1505634010,Bought,BTS,250.6281407,0.0,BTC,0.00498749,1.246e-05,nan,0.03637623000000037,0,0
321,1505651084,Sold,GAM,2.2692012,0.0,BTC,0.00635376,1.588e-05,nan,0.04271411000000037,0,0
322,1505673814,Bought,GNO,0.16625316,0.0,BTC,0.00498746,1.246e-05,nan,0.03771419000000037,0,0
323,1505747414,Sold,GAME,6.4279253,0.0,BTC,0.0030458,7.61e-06,nan,0.04075238000000037,0,0
324,1505752907,Sold,EDGELESS,29.19743434,0.0,BTC,0.00780679,1.951e-05,nan,0.04853966000000037,0,0
325,1505756133,Sold,VIA,32.52471649,0.0,BTC,0.01008266,2.52e-05,nan,0.05859712000000038,0,0
326,1505827681,Bought,NEO,0.92584342,0.0,BTC,0.00498659,1.246e-05,nan,0.05359807000000038,0,0
327,1505845377,Bought,OK,40.08922112,0.0,BTC,0.00498749,1.246e-05,nan,0.04859812000000038,0,0
328,1505848628,Sold,BLK,113.35227273,0.0,BTC,0.00686346,1.715e-05,nan,0.055444430000000385,0,0
329,1505849825,Sold,BTS,250.6281407,0.0,BTC,0.00523562,1.308e-05,nan,0.06066697000000038,0,0
330,1506314744,Sold,ZEC,0.08769743,0.0,BTC,0.00517414,1.293e-05,nan,0.06582818000000037,0,0
331,1506399002,Bought,ETH,0.05774585,0.0,BTC,0.00434203,1.085e-05,nan,0.06147530000000037,0,0
332,1506400836,Bought,RDD,13125.0,0.0,BTC,0.0049875,1.246e-05,nan,0.056475340000000374,0,0
333,1506438568,Sold,ETH,0.03448391,0.0,USDT,10.03609371,0.02509023,nan,0.056475340000000374,8.470083533219114,0
334,1506438568,Bought,NEO,0.38808699,0.0,USDT,9.97499991,0.02493749,nan,0.056475340000000374,0,0
335,1506438586,Sold,NEO,0.38808699,0.0,ETH,0.0345703299999999,8.642e-05,nan,0.056475340000000374,0,0
336,1506446331,Bought,ETH,0.00020154,0.0,USDT,0.05830068,0.00014575,nan,0.056475340000000374,0,0
337,1506446665,Bought,ETC,4.987e-05,0.0,ETH,2.01e-06,0.0,nan,0.056475340000000374,0,0
339,1506456305,Sold,BTC,0.00259935,0.0,USDT,10.17255622,0.02543139,nan,0.05387599000000037,8.540326459157887,0
338,1506456305,Bought,LTC,0.19501466,0.0,USDT,9.97499985,0.02493749,nan,0.05387599000000037,0,0
341,1506456306,Sold,ETH,0.03539585,0.0,USDT,10.21170272,0.02552925,nan,0.05387599000000037,8.573191742572964,0
340,1506456306,Sold,LTC,0.19501466,0.0,BTC,0.00260961,6.52e-06,nan,0.056479080000000376,0,0
342,1506457554,Bought,ETH,0.03553107,0.0,USDT,10.30752787,0.02576881,nan,0.056479080000000376,0,0
344,1506459238,Bought,NEO,0.37413564,0.0,BTC,0.00254412,6.36e-06,nan,0.053928600000000375,0,0
343,1506459238,Sold,NEO,0.37413564,0.0,USDT,10.04180057,0.0251045,nan,0.053928600000000375,8.443129008806256,0
345,1506459241,Bought,BTC,0.0025505,0.0,USDT,9.9750055,0.02493751,nan,0.05647910000000037,0,0
346,1506461456,Bought,NEO,0.37491415,0.0,BTC,0.00253828,6.34e-06,nan,0.053934480000000375,0,0
347,1506466060,Sold,NEO,0.37491415,0.0,USDT,10.04020093,0.0251005,nan,0.053934480000000375,8.449066039566373,0
349,1506529939,Sold,NEO,0.296875,0.0,BTC,0.00244863,6.12e-06,nan,0.056376990000000377,0,0
348,1506529939,Bought,NEO,0.296875,0.0,USDT,9.975,0.0249375,nan,0.056376990000000377,0,0
350,1506529992,Sold,BTC,0.00244252,0.0,USDT,10.04234769,0.02510586,nan,0.05393447000000037,8.489943452595359,0
352,1506530816,Bought,BTC,0.00243411,0.0,USDT,9.97498277,0.02493745,nan,0.056368580000000376,0,0
351,1506530816,Sold,NEO,0.29430654,0.0,USDT,10.03585301,0.02508963,nan,0.056368580000000376,2.64818496648921,0
353,1506530817,Bought,NEO,0.29430654,0.0,BTC,0.00242802,6.07e-06,nan,0.053934490000000376,0,0
354,1506532316,Sold,BTC,0.0024475,0.0,USDT,10.04454,0.02511135,nan,0.05148699000000038,8.491796854804877,0
355,1506532317,Bought,NEO,0.30930233,0.0,USDT,10.02139549,0.02505348,nan,0.05148699000000038,0,0
356,1506532319,Sold,NEO,0.30930233,0.0,BTC,0.00245363,6.13e-06,nan,0.053934490000000376,0,0
357,1506532835,Bought,NEO,0.30681425,0.0,BTC,0.00242382,6.05e-06,nan,0.051504620000000376,0,0
358,1506532836,Sold,NEO,0.30681425,0.0,USDT,10.03589411,0.02508973,nan,0.051504620000000376,8.484487501006447,0
359,1506532836,Bought,BTC,0.0024217,0.0,USDT,9.97498229,0.02493745,nan,0.053926320000000375,0,0
360,1506542298,Bought,BTC,0.00237783,0.0,USDT,9.97499685,0.02493749,nan,0.05630415000000037,0,0
361,1506542298,Bought,NEO,0.32324522,0.0,BTC,0.00237188,5.92e-06,nan,0.05392635000000037,0,0
362,1506542299,Sold,NEO,0.32324522,0.0,USDT,10.041936,0.02510484,nan,0.05392635000000037,8.494400919245862,0
363,1506567178,Sold,GNO,0.29047409,0.0,BTC,0.0104570599999999,2.614e-05,nan,0.06435727000000027,0,0
365,1506615213,Bought,BTC,0.00239899,0.0,USDT,9.97500042,0.0249375,nan,0.06675626000000028,0,0
364,1506615213,Bought,OMG,0.95604971,0.0,BTC,0.00239299,5.98e-06,nan,0.06435729000000028,0,0
366,1506615278,Sold,OMG,0.95604971,0.0,USDT,10.03852182,0.0250963,nan,0.06435729000000028,8.462663576301662,0
367,1506618686,Sold,ETH,0.0332594,0.0,USDT,10.04776451,0.02511941,nan,0.06435729000000028,8.459320394495297,0
368,1506618686,Bought,BCH,0.02127609,0.0,USDT,9.97500011,0.0249375,nan,0.06435729000000028,0,0
369,1506621905,Sold,BCH,0.02127609,0.0,ETH,0.03334275,8.333e-05,nan,0.06435729000000028,0,0
371,1506629442,Sold,ZEC,0.03186067,0.0,USDT,10.049606890000002,0.02512401,nan,0.06435729000000028,8.466481039171637,0
370,1506629442,Bought,ZEC,0.03186067,0.0,BTC,0.00240572,6.01e-06,nan,0.061945560000000274,0,0
372,1506629474,Bought,BTC,0.00241175,0.0,USDT,9.974998,0.02493749,nan,0.06435731000000028,0,0
373,1506629484,Sold,NEO,0.32583586,0.0,USDT,10.05552632,0.02513881,nan,0.06435731000000028,8.471467973513962,0
374,1506629489,Bought,NEO,0.32583586,0.0,BTC,0.00240572,6.01e-06,nan,0.06194558000000028,0,0
375,1506629490,Bought,BTC,0.00241175,0.0,USDT,9.974998,0.02493749,nan,0.06435733000000028,0,0
376,1506633709,Bought,ZEC,0.03254654,0.0,BTC,0.00237351,5.93e-06,nan,0.061977890000000285,0,0
377,1506633711,Bought,BTC,0.00237947,0.0,USDT,9.97501187,0.02493752,nan,0.06435736000000028,0,0
378,1506633802,Sold,ZEC,0.03254654,0.0,USDT,10.04503391,0.02511258,nan,0.06435736000000028,8.476445389098968,0
379,1506700512,Bought,OMG,0.99504235,0.0,BTC,0.00236731,5.91e-06,nan,0.06198414000000028,0,0
380,1506700512,Bought,BTC,0.00237325,0.0,USDT,9.975007069999998,0.02493751,nan,0.06435739000000028,0,0
381,1506701554,Sold,OMG,0.99504235,0.0,USDT,10.04992773,0.02512481,nan,0.06435739000000028,8.475179848542812,0
382,1506706993,Sold,BTC,0.00240629,0.0,USDT,10.03663799,0.02509159,nan,0.06195110000000028,8.455448023073641,0
383,1506707134,Bought,XRP,50.89285714,0.0,USDT,9.97499999,0.02493749,nan,0.06195110000000028,0,0
384,1506707818,Sold,XRP,50.89285714,0.0,BTC,0.00241232,6.03e-06,nan,0.06435739000000028,0,0
385,1506792256,Bought,BTC,0.00230689,0.0,USDT,9.97499236,0.02493748,nan,0.06666428000000028,0,0
386,1506792270,Bought,ZEC,0.0357773,0.0,BTC,0.00230112,5.75e-06,nan,0.06435741000000028,0,0
387,1506792931,Sold,ZEC,0.0357773,0.0,USDT,9.99110289,0.02497775,nan,0.06435741000000028,8.423062250939195,0
388,1506836666,Sold,DGB,852.60857438,0.0,BTC,0.00370884,9.27e-06,nan,0.06805698000000028,0,0
389,1506838205,Bought,BTC,0.00230369,0.0,USDT,9.9749823,0.02493745,nan,0.07036067000000028,0,0
390,1506838206,Bought,OMG,0.99793496,0.0,BTC,0.0022979299999999,5.74e-06,nan,0.06805700000000038,0,0
391,1506838465,Sold,OMG,0.99793496,0.0,USDT,10.05319678,0.02513298,nan,0.06805700000000038,8.48555890267224,0
392,1506878112,Bought,OMG,1.01272584,0.0,BTC,0.0023013499999999,5.75e-06,nan,0.06574990000000049,0,0
393,1506878112,Bought,BTC,0.00230713,0.0,USDT,9.97501498,0.02493753,nan,0.06805703000000049,0,0
394,1506898026,Sold,OMG,1.01272584,0.0,USDT,10.03510033,0.02508774,nan,0.06805703000000049,8.4712699399353,0
395,1506917166,Sold,XVG,1015.90182352,0.0,BTC,0.00183878,4.59e-06,nan,0.06989122000000049,0,0
396,1506957043,Bought,BTC,0.00225754,0.0,USDT,9.9750037,0.0249375,nan,0.07214876000000049,0,0
397,1506957044,Bought,DASH,0.03158858,0.0,BTC,0.00225189,5.62e-06,nan,0.06989125000000049,0,0
398,1506957559,Sold,DASH,0.03158858,0.0,USDT,10.01560152,0.025039,nan,0.06989125000000049,8.499785194701333,0
399,1506960551,Bought,BTC,0.0022774,0.0,USDT,9.975012,0.02493753,nan,0.07216865000000049,0,0
400,1506960800,Bought,BCH,0.02384991,0.0,BTC,0.0022716999999999,5.67e-06,nan,0.06989128000000058,0,0
401,1506962587,Sold,BCH,0.02384991,0.0,USDT,9.94903765,0.02487259,nan,0.06989128000000058,8.445217464562205,0
402,1507144546,Sold,NEO,1.8520307,0.0,BTC,0.01394579,3.486e-05,nan,0.08380221000000058,0,0
403,1507144593,Sold,STORJ,96.73658571,0.0,BTC,0.01020184,2.55e-05,nan,0.09397855000000059,0,0
404,1507144662,Sold,GLM,55.93876178,0.0,BTC,0.00327913,8.19e-06,nan,0.09724949000000059,0,0
405,1507144702,Sold,OMG,0.79470337,0.0,BTC,0.0016331,4.08e-06,nan,0.09887851000000059,0,0
406,1507144844,Sold,QTUM,0.30652695,0.0,BTC,0.00082777,2.06e-06,nan,0.09970422000000058,0,0
407,1507144880,Sold,LUN,1.83363971,0.0,BTC,0.00326651,8.16e-06,nan,0.10296257000000057,0,0
408,1507145212,Sold,OK,71.26109612,0.0,BTC,0.00435761,1.089e-05,nan,0.10730929000000057,0,0
409,1507233283,Sold,CVC,9.21903882,0.0,BTC,0.00076656,1.91e-06,nan,0.10807394000000058,0,0
410,1507450521,Sold,RDD,13125.0,0.0,BTC,0.0030187499999999,7.54e-06,nan,0.11108515000000048,0,0
411,1507450565,Sold,LTC,0.21446818,0.0,BTC,0.0025245,6.31e-06,nan,0.11360334000000048,0,0
412,1507450622,Sold,ETH,0.05808062,0.0,BTC,0.00406564,1.016e-05,nan,0.11765882000000048,0,0
413,1507450668,Bought,BTC,0.00227076,0.0,USDT,10.10238416,0.02525596,nan,0.11992958000000048,0,0
414,1507483873,Sold,STRAX,14.10515151,0.0,BTC,0.01172136,2.928e-05,nan,0.13162166000000047,0,0
415,1508808317,Bought,ETH,0.09978994,0.0,BTC,0.0049875,1.246e-05,nan,0.12662170000000048,0,0
416,1508808372,Bought,STRAX,7.96381752,0.0,BTC,0.00496042,1.24e-05,nan,0.12164888000000047,0,0
417,1508808421,Bought,NEO,1.95231459,0.0,BTC,0.00997499,2.493e-05,nan,0.11164896000000048,0,0
418,1508808506,Bought,VTC,9.28217822,0.0,BTC,0.0049473999999999,1.236e-05,nan,0.10668920000000058,0,0
419,1508808526,Bought,ETH,0.09781334,0.0,BTC,0.00496283,1.24e-05,nan,0.10171397000000058,0,0
420,1508808548,Bought,XLM,804.43548387,0.0,BTC,0.00498749,1.246e-05,nan,0.09671402000000058,0,0
421,1508808633,Bought,DOGE,29338.23529412,0.0,BTC,0.0049875,1.246e-05,nan,0.09171406000000058,0,0
422,1508808720,Bought,OMG,3.50689073,0.0,BTC,0.00498749,1.246e-05,nan,0.08671411000000058,0,0
423,1508808733,Bought,OMG,3.56252545,0.0,BTC,0.0049875,1.246e-05,nan,0.08171415000000058,0,0
424,1508808886,Bought,STRAX,7.79893981,0.0,BTC,0.00498749,1.246e-05,nan,0.07671420000000058,0,0
425,1508809359,Bought,XRP,144.52332657,0.0,BTC,0.00498748,1.245e-05,nan,0.07171427000000058,0,0
426,1508821366,Bought,ETH,0.09236109,0.0,BTC,0.00498749,1.246e-05,nan,0.06671432000000058,0,0
427,1508821462,Bought,OMG,3.32502217,0.0,BTC,0.00496093,1.24e-05,nan,0.06174099000000058,0,0
428,1508821548,Bought,LTC,0.48934575,0.0,BTC,0.00498749,1.246e-05,nan,0.056741040000000575,0,0
429,1508821598,Bought,LTC,0.48934575,0.0,BTC,0.00497503,1.243e-05,nan,0.051753580000000576,0,0
430,1508821657,Bought,XLM,739.9851632,0.0,BTC,0.00498749,1.246e-05,nan,0.04675363000000057,0,0
431,1508821694,Bought,VTC,8.32721141,0.0,BTC,0.0049875,1.246e-05,nan,0.041753670000000576,0,0
432,1508821733,Bought,NEO,0.91012774,0.0,BTC,0.0049875,1.246e-05,nan,0.03675371000000058,0,0
433,1508861256,Sold,XRP,144.52332657,0.0,BTC,0.00538927,1.347e-05,nan,0.04212951000000058,0,0
434,1508863955,Sold,STRAX,15.76275733,0.0,BTC,0.0103577,2.589e-05,nan,0.052461320000000575,0,0
435,1508863983,Sold,LTC,0.9786915,0.0,BTC,0.0098065,2.451e-05,nan,0.06224331000000057,0,0
436,1508864030,Sold,XLM,1544.42064707,0.0,BTC,0.01105805,2.764e-05,nan,0.07327372000000057,0,0
437,1508864063,Sold,DOGE,29338.23529412,0.0,BTC,0.0055742599999999,1.393e-05,nan,0.07883405000000047,0,0
438,1508864083,Sold,NEO,2.86244233,0.0,BTC,0.01528717,3.819e-05,nan,0.09408303000000047,0,0
439,1508864104,Sold,VTC,17.60938963,0.0,BTC,0.01125416,2.813e-05,nan,0.10530906000000047,0,0
440,1508864182,Sold,ETH,0.28996437,0.0,BTC,0.0154261,3.856e-05,nan,0.12069660000000047,0,0
441,1508864436,Sold,OMG,10.39443835,0.0,BTC,0.01510332,3.775e-05,nan,0.13576217000000046,0,0
442,1509257671,Bought,BCH,0.06689463,0.0,BTC,0.00498749,1.246e-05,nan,0.13076222000000046,0,0
443,1509463950,Sold,BCH,0.06689463,0.0,BTC,0.00463445,1.158e-05,nan,0.13538509000000046,0,0
444,1510164378,Bought,NEO,1.28544146,0.0,BTC,0.00498631,1.245e-05,nan,0.13038633000000047,0,0
445,1510164410,Bought,XLM,1143.92201835,0.0,BTC,0.0049875,1.246e-05,nan,0.12538637000000047,0,0
446,1510164439,Bought,XLM,1146.55172414,0.0,BTC,0.0049875,1.246e-05,nan,0.12038641000000047,0,0
447,1510164620,Bought,VTC,8.98810597,0.0,BTC,0.0049875,1.246e-05,nan,0.11538645000000047,0,0
448,1510164690,Bought,XVG,4842.23300971,0.0,BTC,0.0049875,1.246e-05,nan,0.11038649000000048,0,0
449,1510165059,Bought,BCH,0.06161591,0.0,BTC,0.00498749,1.246e-05,nan,0.10538654000000047,0,0
450,1510165585,Bought,OMG,4.38654354,0.0,BTC,0.0049875,1.246e-05,nan,0.10038658000000047,0,0
451,1510166140,Bought,ETH,0.11866809,0.0,BTC,0.00498749,1.246e-05,nan,0.09538663000000047,0,0
452,1510166365,Bought,LTC,1.14655172,0.0,BTC,0.00997497,2.493e-05,nan,0.08538673000000047,0,0
453,1510166404,Bought,XMR,0.33754906,0.0,BTC,0.00498749,1.246e-05,nan,0.08038678000000046,0,0
454,1510166408,Bought,NEO,1.11940299,0.0,BTC,0.0049875,1.246e-05,nan,0.07538682000000047,0,0
455,1510166549,Bought,ETH,0.23034265,0.0,BTC,0.00997511,2.493e-05,nan,0.06538678000000046,0,0
456,1510166614,Bought,OMG,4.35593324,0.0,BTC,0.00498745,1.246e-05,nan,0.06038687000000047,0,0
457,1510166886,Bought,NEO,1.12003395,0.0,BTC,0.00498749,1.246e-05,nan,0.055386920000000464,0,0
458,1510173480,Bought,OMG,4.23793622,0.0,BTC,0.00495067,1.237e-05,nan,0.05042388000000046,0,0
459,1510173522,Bought,STRAX,9.975,0.0,BTC,0.0049875,1.246e-05,nan,0.045423920000000464,0,0
460,1510173570,Bought,WAVES,7.76192107,0.0,BTC,0.0049875,1.246e-05,nan,0.04042396000000047,0,0
461,1510173651,Bought,NAV,36.62432075,0.0,BTC,0.00498749,1.246e-05,nan,0.035424010000000464,0,0
462,1510244466,Bought,GBYTE,0.17886608,0.0,BTC,0.00498748,1.246e-05,nan,0.030424070000000462,0,0
463,1510306586,Sold,WAVES,7.76192107,0.0,BTC,0.00505642,1.264e-05,nan,0.03546785000000046,0,0
464,1510306638,Sold,STRAX,9.975,0.0,BTC,0.00489872,1.224e-05,nan,0.04035433000000046,0,0
465,1510306759,Bought,BCH,0.0878362,0.0,BTC,0.00992982,2.482e-05,nan,0.030399690000000458,0,0
466,1510313806,Bought,BCH,0.08658954,0.0,BTC,0.0106938,2.672e-05,nan,0.01967917000000046,0,0
467,1510395717,Sold,ETH,0.34901074,0.0,BTC,0.0159044,3.976e-05,nan,0.03554381000000046,0,0
468,1510395738,Sold,NEO,3.5248784,0.0,BTC,0.01545775,3.864e-05,nan,0.05096292000000046,0,0
469,1510395774,Sold,OMG,12.980413,0.0,BTC,0.014577,3.644e-05,nan,0.06550348000000046,0,0
470,1510395942,Sold,LTC,1.14655172,0.0,BTC,0.0105528599999999,2.638e-05,nan,0.07602996000000037,0,0
471,1510396186,Sold,NAV,36.62432075,0.0,BTC,0.00442678,1.106e-05,nan,0.08044568000000037,0,0
472,1510396223,Sold,XVG,4842.23300971,0.0,BTC,0.00479381,1.198e-05,nan,0.08522751000000037,0,0
473,1510396312,Bought,XLM,1833.63970588,0.0,BTC,0.00997499,2.492e-05,nan,0.07522760000000037,0,0
474,1510397271,Bought,BCH,0.06643357,0.0,BTC,0.00996503,2.491e-05,nan,0.06523766000000036,0,0
475,1510399405,Bought,BCH,0.06306865,0.0,BTC,0.01000941,2.502e-05,nan,0.05520323000000037,0,0
476,1510399545,Bought,BCH,0.06306865,0.0,BTC,0.01009097,2.522e-05,nan,0.04508704000000037,0,0
477,1510404670,Bought,BCH,0.13269025,0.0,BTC,0.02534444,6.336e-05,nan,0.019679240000000372,0,0
478,1510410493,Sold,BCH,0.1,0.0,BTC,0.0191,4.775e-05,nan,0.03873149000000037,0,0
479,1510411514,Sold,BCH,0.1,0.0,BTC,0.01876,4.69e-05,nan,0.057444590000000365,0,0
480,1510416430,Sold,VTC,8.98810597,0.0,BTC,0.00567158,1.417e-05,nan,0.06310200000000037,0,0
481,1510425465,Bought,BCH,0.09227567,0.0,BTC,0.01994999,4.987e-05,nan,0.043102140000000365,0,0
482,1510441486,Bought,BCH,0.10767101,0.0,BTC,0.02336407,5.841e-05,nan,0.019679660000000366,0,0
483,1510496062,Sold,BCH,0.00385429,0.0,BTC,0.0010025,2.5e-06,nan,0.020679660000000367,0,0
484,1510499848,Sold,BCH,0.08832599,0.0,BTC,0.02031347,5.078e-05,nan,0.04094235000000036,0,0
485,1510500157,Sold,BCH,0.04356801,0.0,BTC,0.01007521,2.518e-05,nan,0.050992380000000365,0,0
486,1510501816,Sold,BCH,0.00912437,0.0,BTC,0.002005,5.01e-06,nan,0.052992370000000365,0,0
487,1510501854,Sold,BCH,0.0912437,0.0,BTC,0.02021396,5.053e-05,nan,0.07315580000000037,0,0
488,1510514023,Sold,BCH,0.15336952,0.0,BTC,0.0300749799999999,7.517e-05,nan,0.10315561000000027,0,0
489,1510524331,Bought,BCH,0.16002892,0.0,BTC,0.0432078,0.00010801,nan,0.059839800000000276,0,0
490,1510524363,Bought,LTC,1.00076449,0.0,BTC,0.00997499,2.493e-05,nan,0.04983988000000028,0,0
491,1510524367,Bought,NEO,2.17605187,0.0,BTC,0.009975,2.493e-05,nan,0.039839950000000283,0,0
492,1510524398,Bought,XLM,2082.46346555,0.0,BTC,0.00997499,2.493e-05,nan,0.029840030000000285,0,0
493,1510524456,Bought,ETH,0.19200717,0.0,BTC,0.01013554,2.533e-05,nan,0.019679160000000286,0,0
494,1510591555,Sold,BCH,0.1,0.0,BTC,0.01943122,4.857e-05,nan,0.03906181000000028,0,0
495,1510591962,Sold,BCH,0.13179249,0.0,BTC,0.02635849,6.589e-05,nan,0.06535441000000028,0,0
496,1510597828,Bought,BCH,0.1,0.0,BTC,0.02348825,5.872e-05,nan,0.04180744000000028,0,0
497,1510598092,Sold,ETH,0.19200717,0.0,BTC,0.00947555,2.368e-05,nan,0.05125931000000028,0,0
498,1510598119,Sold,LTC,1.00076449,0.0,BTC,0.0094342,2.358e-05,nan,0.06066993000000028,0,0
499,1510598176,Sold,XMR,0.33754906,0.0,BTC,0.00653157,1.632e-05,nan,0.06718518000000029,0,0
500,1510598235,Sold,XLM,4069.01069829,0.0,BTC,0.01908366,4.77e-05,nan,0.08622114000000028,0,0
501,1510598341,Sold,NEO,2.17605187,0.0,BTC,0.00948249,2.37e-05,nan,0.09567993000000027,0,0
502,1510599367,Bought,BCH,0.04403974,0.0,BTC,0.01003621,2.509e-05,nan,0.08561863000000028,0,0
503,1510599500,Bought,BCH,0.04403974,0.0,BTC,0.01030089,2.575e-05,nan,0.07529199000000028,0,0
504,1510599597,Bought,BCH,0.04403974,0.0,BTC,0.01016877,2.542e-05,nan,0.06509780000000027,0,0
505,1510599836,Bought,BCH,0.04403974,0.0,BTC,0.01070165,2.675e-05,nan,0.054369400000000276,0,0
506,1510604911,Bought,BCH,0.06743486,0.0,BTC,0.0146860899999999,3.67e-05,nan,0.039646610000000373,0,0
507,1510604912,Bought,BCH,0.06743486,0.0,BTC,0.0146810799999999,3.67e-05,nan,0.02492883000000047,0,0
508,1510999533,Sold,BCH,0.0624609,0.0,BTC,0.01002499,2.506e-05,nan,0.03492876000000047,0,0
509,1510999629,Bought,NEO,2.80707802,0.0,BTC,0.01521155,3.802e-05,nan,0.019679190000000468,0,0
510,1511113989,Sold,BCH,0.24856778,0.0,BTC,0.03631575,9.078e-05,nan,0.055904160000000466,0,0
511,1511485220,Sold,BCH,0.2,0.0,BTC,0.044,0.00011,nan,0.09979416000000046,0,0
512,1511504451,Sold,XLM,2137.56621563,0.0,BTC,0.01036719,2.591e-05,nan,0.11013544000000046,0,0
513,1511504499,Sold,NEO,2.80707802,0.0,BTC,0.01170466,2.925e-05,nan,0.12181085000000046,0,0
514,1511506006,Sold,GBYTE,0.17886608,0.0,BTC,0.00568924,1.421e-05,nan,0.12748588000000047,0,0
515,1512600295,Bought,LTC,0.1425,0.0,BTC,0.0009975,2.49e-06,nan,0.12648589000000046,0,0
516,1512738284,Sold,BTC,0.005,0.0,USDT,71.775,0.1794375,nan,0.12148589000000046,60.73442523519083,0
517,1512749764,Sold,LTC,0.1425,0.0,BTC,0.00109725,2.74e-06,nan,0.12258040000000045,0,0
518,1512771260,Bought,XMR,0.27347292,0.0,USDT,71.41663254000001,0.17854157,nan,0.12258040000000045,0,0
519,1512941065,Sold,BTC,0.01,0.0,USDT,144.52499999,0.36131249,nan,0.11258040000000046,120.62544189568543,0
520,1512947166,Bought,BTC,0.00921819,0.0,USDT,143.803764,0.35950941,nan,0.12179859000000046,0,0
521,1513018820,Bought,LTC,0.41788506,0.0,BTC,0.00498749,1.246e-05,nan,0.11679864000000045,0,0
522,1513337747,Sold,LTC,0.41788506,0.0,BTC,0.0061287,1.532e-05,nan,0.12291202000000045,0,0
523,1513337788,Sold,XMR,0.27347292,0.0,BTC,0.00460853,1.152e-05,nan,0.12750903000000047,0,0
524,1513582175,Bought,LTC,0.62,0.0,BTC,0.01021758,2.554e-05,nan,0.11726591000000047,0,0
525,1513587982,Bought,GBYTE,0.17522053,0.0,BTC,0.00498749,1.246e-05,nan,0.11226596000000047,0,0
3,1513590185,WITHDRAWAL,LTC,-0.6,0.01,nan,0.0,0.0,Lh6UW9rJSYE5bP8mtubUaxiD7sLoMgVb8Q,0.11226596000000047,0,0
526,1513591601,Bought,BLOCK,0.6410792,0.0,BTC,0.0009975,2.49e-06,nan,0.11126597000000046,0,0
527,1513597966,Bought,EBST,393.64640884,0.0,BTC,0.00499537,1.248e-05,nan,0.10625812000000047,0,0
528,1513598247,Bought,NEO,0.24641859,0.0,BTC,0.00099749,2.49e-06,nan,0.10525814000000047,0,0
529,1513598906,Bought,PAY,25.1957565,0.0,BTC,0.00498749,1.246e-05,nan,0.10025819000000047,0,0
531,1513607534,Bought,GUP,118.75,0.0,BTC,0.0049875,1.246e-05,nan,0.09525823000000047,0,0
530,1513607534,Bought,GUP,118.75,0.0,BTC,0.0049875,1.246e-05,nan,0.09025827000000047,0,0
532,1513610315,Sold,BLOCK,0.6410792,0.0,BTC,0.00105778,2.64e-06,nan,0.09131341000000047,0,0
533,1513670889,Bought,SC,5480.76923077,0.0,BTC,0.00493269,1.233e-05,nan,0.08636839000000048,0,0
534,1513680337,Sold,BTC,0.005,0.0,USDT,87.005,0.2175125,nan,0.08136839000000047,73.80531678994129,0
535,1513680502,Bought,BTC,0.00491883,0.0,USDT,86.571408,0.21642852,nan,0.08628722000000047,0,0
536,1513693764,Sold,EBST,73.17518248,0.0,BTC,0.00100249,2.5e-06,nan,0.08728721000000048,0,0
537,1513772744,Sold,SC,1480.76923077,0.0,BTC,0.00148076,3.7e-06,nan,0.08876427000000048,0,0
538,1513778959,Bought,GRC,841.0623946,0.0,BTC,0.00498749,1.246e-05,nan,0.08376432000000048,0,0
539,1513779944,Sold,SC,1000.0,0.0,BTC,0.0012,3e-06,nan,0.08496132000000048,0,0
540,1513781530,Sold,GRC,241.0623946,0.0,BTC,0.00148253,3.7e-06,nan,0.08644015000000048,0,0
541,1513788369,Sold,BTC,0.00615786,0.0,USDT,100.16375076,0.25040937,nan,0.08028229000000048,83.75018400367145,0
542,1513789011,Sold,BTC,0.00615031,0.0,USDT,100.250053,0.25062512,nan,0.07413198000000047,83.82234413041155,0
543,1513795474,Bought,EXP,21.68478261,0.0,BTC,0.0049875,1.246e-05,nan,0.06913202000000047,0,0
544,1513796873,Sold,EXP,6.68478261,0.0,BTC,0.0016310799999999,4.07e-06,nan,0.07075903000000038,0,0
545,1513800494,Sold,SC,1000.0,0.0,BTC,0.0015,3.75e-06,nan,0.07225528000000038,0,0
546,1513836300,Sold,GRC,120.0,0.0,BTC,0.000792,1.98e-06,nan,0.07304530000000038,0,0
547,1513845266,Sold,EBST,76.06241938,0.0,BTC,0.00106487,2.66e-06,nan,0.07410751000000038,0,0
548,1513849412,Sold,EBST,68.66438356,0.0,BTC,0.00100249,2.5e-06,nan,0.07510750000000038,0,0
549,1513851344,Sold,EBST,63.44936709,0.0,BTC,0.0010025,2.5e-06,nan,0.07610750000000038,0,0
550,1513868990,Bought,BTC,0.01286539,0.0,USDT,199.413545,0.49853386,nan,0.08897289000000039,0,0
551,1513923760,Sold,EBST,58.97058824,0.0,BTC,0.0010025,2.5e-06,nan,0.08997289000000039,0,0
552,1513942932,Bought,DGB,1756.16197183,0.0,BTC,0.00498749,1.246e-05,nan,0.08497294000000039,0,0
553,1513943250,Sold,PAY,25.1957565,0.0,BTC,0.00510239,1.275e-05,nan,0.09006258000000039,0,0
554,1513943288,Sold,GBYTE,0.17522053,0.0,BTC,0.0069228699999999,1.73e-05,nan,0.0969681500000003,0,0
555,1513954884,Bought,QWARK,336.99324324,0.0,BTC,0.00498749,1.246e-05,nan,0.09196820000000029,0,0
556,1513958992,Sold,QWARK,336.99324324,0.0,BTC,0.00525708,1.313e-05,nan,0.09721215000000029,0,0
557,1513980425,Sold,DGB,756.16197183,0.0,BTC,0.00230629,5.76e-06,nan,0.09951268000000028,0,0
558,1513995593,Sold,DGB,500.0,0.0,BTC,0.00165,4.12e-06,nan,0.10115856000000029,0,0
559,1514014133,Sold,EXP,5.0,0.0,BTC,0.00143,3.57e-06,nan,0.10258499000000029,0,0
560,1514016078,Sold,EXP,5.0,0.0,BTC,0.00165,4.12e-06,nan,0.1042308700000003,0,0
561,1514030371,Sold,DGB,500.0,0.0,BTC,0.0019,4.75e-06,nan,0.1061261200000003,0,0
562,1514044084,Bought,TKS,16.0091802,0.0,BTC,0.00498749,1.246e-05,nan,0.10112617000000029,0,0
563,1514044479,Bought,NXC,184.17651403,0.0,BTC,0.00498749,1.246e-05,nan,0.09612622000000029,0,0
564,1514053101,Bought,NEO,0.46395349,0.0,BTC,0.001995,4.98e-06,nan,0.09412624000000029,0,0
565,1514061935,Bought,WAVES,4.99749499,0.0,BTC,0.0049875,1.246e-05,nan,0.0891262800000003,0,0
566,1514068321,Bought,XVG,284.83723587,0.0,BTC,0.0049875,1.246e-05,nan,0.0841263200000003,0,0
567,1514075366,Bought,GBYTE,0.04639535,0.0,BTC,0.001995,4.98e-06,nan,0.0821263400000003,0,0
568,1514081783,Bought,BCH,0.009975,0.0,BTC,0.001995,4.98e-06,nan,0.0801263600000003,0,0
569,1514106492,Sold,GUP,87.5,0.0,BTC,0.0041125,1.028e-05,nan,0.0842285800000003,0,0
570,1514109273,Sold,GRC,120.0,0.0,BTC,0.0009599999999999,2.4e-06,nan,0.08518618000000021,0,0
571,1514124409,Bought,STRAX,1.95653453,0.0,BTC,0.00199499,4.98e-06,nan,0.0831862100000002,0,0
572,1514127013,Bought,HMQ,56.51558074,0.0,BTC,0.001995,4.98e-06,nan,0.0811862300000002,0,0
573,1514136049,Sold,BTC,0.00977096,0.0,USDT,125.45912639,0.31364781,nan,0.07141527000000021,105.29322980036473,0
574,1514178857,Sold,EBST,53.32446809,0.0,BTC,0.0010025,2.5e-06,nan,0.07241527000000021,0,0
575,1514179077,Sold,TKS,3.0,0.0,BTC,0.00099,2.47e-06,nan,0.07340280000000021,0,0
576,1514179141,Sold,TKS,4.0091802,0.0,BTC,0.00134307,3.35e-06,nan,0.07474252000000021,0,0
577,1514201410,Bought,VTC,18.30678314,0.0,BTC,0.00997353,2.493e-05,nan,0.06474406000000021,0,0
578,1514201509,Bought,LTC,0.25507308,0.0,BTC,0.0049875,1.246e-05,nan,0.059744100000000216,0,0
579,1514203783,Bought,BITS,30.949426,0.0,BTC,0.00498749,1.246e-05,nan,0.054744150000000213,0,0
580,1514206084,Bought,DNT,648.56957087,0.0,BTC,0.00498749,1.246e-05,nan,0.04974420000000021,0,0
581,1514207158,Bought,CRW,22.16666667,0.0,BTC,0.0049875,1.246e-05,nan,0.04474424000000021,0,0
582,1514208947,Sold,DNT,348.56957087,0.0,BTC,0.00291055,7.27e-06,nan,0.047647520000000214,0,0
583,1514210444,Sold,HMQ,30.0,0.0,BTC,0.0012599999999999,3.15e-06,nan,0.048904370000000114,0,0
584,1514210485,Sold,HMQ,26.51558074,0.0,BTC,0.00132577,3.31e-06,nan,0.05022683000000011,0,0
585,1514212129,Bought,HMQ,39.20990566,0.0,BTC,0.00199499,4.98e-06,nan,0.048226860000000114,0,0
586,1514214740,Sold,NXC,34.17651403,0.0,BTC,0.0010252899999999,2.56e-06,nan,0.04924959000000002,0,0
587,1514216070,Sold,GUP,50.0,0.0,BTC,0.00275,6.87e-06,nan,0.05199272000000002,0,0
588,1514216247,Sold,GUP,50.0,0.0,BTC,0.003,7.5e-06,nan,0.05498522000000002,0,0
589,1514216304,Sold,GUP,50.0,0.0,BTC,0.00315,7.87e-06,nan,0.05812735000000002,0,0
590,1514218669,Sold,DNT,100.0,0.0,BTC,0.0009,2.25e-06,nan,0.059025100000000025,0,0
591,1514227131,Bought,PIVX,5.25459085,0.0,BTC,0.00498749,1.246e-05,nan,0.05402515000000002,0,0
592,1514237912,Bought,MUSIC,1425.0,0.0,BTC,0.0049875,1.246e-05,nan,0.049025190000000024,0,0
593,1514237916,Sold,NEO,0.46395349,0.0,BTC,0.00213418,5.33e-06,nan,0.051154040000000026,0,0
594,1514244719,Sold,NEO,0.24641859,0.0,BTC,0.00119284,2.98e-06,nan,0.052343900000000027,0,0
4,1514281584,WITHDRAWAL,LTC,-0.25507308,0.01,nan,0.0,0.0,LiYRg2YS76wwHsGqWapp38HuJDLY58vVrd,0.052343900000000027,0,0
595,1514281624,Bought,XVG,405.817738,0.0,BTC,0.0049875,1.246e-05,nan,0.04734394000000003,0,0
596,1514281675,Bought,LTC,0.27513249,0.0,BTC,0.00498748,1.245e-05,nan,0.04234401000000003,0,0
597,1514281765,Sold,CRW,6.16666667,0.0,BTC,0.00141216,3.53e-06,nan,0.04375264000000003,0,0
598,1514326586,Sold,EXP,5.0,0.0,BTC,0.0021999999999999,5.5e-06,nan,0.04594713999999993,0,0
599,1514374898,Bought,SIGNA,197.52475248,0.0,BTC,0.0009975,2.49e-06,nan,0.04494714999999993,0,0
600,1514376688,Sold,HMQ,39.20990566,0.0,BTC,0.00150252,3.75e-06,nan,0.04644591999999993,0,0
601,1514376816,Bought,SIGNA,197.52475248,0.0,BTC,0.00103305,2.58e-06,nan,0.04541028999999993,0,0
602,1514377051,Sold,BTC,0.00474669,0.0,USDT,75.1875696,0.18796892,nan,0.04066359999999993,62.77404210905165,0
603,1514495978,Sold,MUSIC,425.0,0.0,BTC,0.0017,4.25e-06,nan,0.042359349999999935,0,0
604,1514572297,Sold,GRC,120.0,0.0,BTC,0.00108,2.7e-06,nan,0.04343664999999994,0,0
605,1514690211,Sold,TKS,3.0,0.0,BTC,0.0013499999999999,3.37e-06,nan,0.044783279999999835,0,0
606,1514697218,Sold,XVG,690.65497387,0.0,BTC,0.01105047,2.762e-05,nan,0.055806129999999836,0,0
607,1514717199,Sold,TKS,3.0,0.0,BTC,0.00165,4.12e-06,nan,0.05745200999999984,0,0
608,1514719864,Sold,GRC,120.0,0.0,BTC,0.0012,3e-06,nan,0.058649009999999835,0,0
609,1514797554,Sold,DNT,100.0,0.0,BTC,0.0012,3e-06,nan,0.05984600999999983,0,0
610,1514810857,Sold,NXC,30.0,0.0,BTC,0.0012,3e-06,nan,0.06104300999999983,0,0
611,1514816933,Bought,SBD,7.81801082,0.0,BTC,0.00498742,1.246e-05,nan,0.05604312999999983,0,0
612,1514822127,Sold,DNT,100.0,0.0,BTC,0.00113099,2.82e-06,nan,0.05717129999999983,0,0
613,1514826453,Bought,LBC,83.36119004,0.0,BTC,0.0049875,1.246e-05,nan,0.05217133999999983,0,0
614,1514828206,Bought,NMR,1.78125,0.0,BTC,0.0049875,1.246e-05,nan,0.04717137999999983,0,0
615,1514838077,Bought,MUSIC,527.77777778,0.0,BTC,0.0019791599999999,4.94e-06,nan,0.045187279999999934,0,0
616,1514892915,Bought,ETC,2.17954657,0.0,BTC,0.00498749,1.246e-05,nan,0.04018732999999994,0,0
617,1514893099,Sold,NMR,1.28125,0.0,BTC,0.00374125,9.35e-06,nan,0.043919229999999934,0,0
618,1514893138,Sold,LBC,63.36119004,0.0,BTC,0.00424519,1.061e-05,nan,0.048153809999999936,0,0
619,1514893190,Sold,SBD,5.81801082,0.0,BTC,0.0040939,1.023e-05,nan,0.05223747999999993,0,0
620,1514893271,Sold,NXC,60.0,0.0,BTC,0.002772,6.93e-06,nan,0.055002549999999935,0,0
621,1514894827,Sold,SBD,2.0,0.0,BTC,0.00145999,3.64e-06,nan,0.05645889999999994,0,0
622,1514896103,Sold,LBC,20.0,0.0,BTC,0.0014,3.5e-06,nan,0.05785539999999994,0,0
623,1514911718,Sold,TKS,3.0,0.0,BTC,0.00128766,3.21e-06,nan,0.05913984999999994,0,0
624,1514912184,Bought,IOP,5.86764706,0.0,BTC,0.00498163,1.245e-05,nan,0.05414576999999994,0,0
625,1514922874,Bought,ZCL,0.64354943,0.0,BTC,0.00399,9.97e-06,nan,0.05014579999999994,0,0
626,1514923607,Bought,BTC,0.003325,0.0,USDT,49.875,0.1246875,nan,0.05347079999999994,0,0
627,1514923969,Sold,MUSIC,1527.77777778,0.0,BTC,0.00495,1.237e-05,nan,0.05840842999999994,0,0
628,1514924080,Sold,VTC,18.30678314,0.0,BTC,0.0086408,2.16e-05,nan,0.06702762999999995,0,0
629,1514924132,Sold,IOP,5.86764706,0.0,BTC,0.00404016,1.009e-05,nan,0.07105769999999995,0,0
630,1514924203,Sold,PIVX,5.25459085,0.0,BTC,0.00399874,9.99e-06,nan,0.07504644999999995,0,0
631,1514924261,Sold,GRC,120.0,0.0,BTC,0.0010644,2.66e-06,nan,0.07610818999999995,0,0
632,1514924316,Sold,GBYTE,0.04639535,0.0,BTC,0.00237544,5.93e-06,nan,0.07847769999999996,0,0
633,1514929452,Sold,CRW,4.0,0.0,BTC,0.00102,2.55e-06,nan,0.07949514999999996,0,0
5,1514988699,WITHDRAWAL,LTC,-0.26513249,0.01,nan,0.0,0.0,LXhytDbYmJnYWgBohYbV1mNNhZNLQX2d7w,0.07949514999999996,0,0
634,1515001150,Sold,ZCL,0.64354943,0.0,BTC,0.0045048399999999,1.126e-05,nan,0.08398872999999986,0,0
6,1515016729,WITHDRAWAL,SIGNA,-98.0,2.0,nan,0.0,0.0,BURST-ZMNZ-7LH9-SV65-CF2LR,0.08398872999999986,0,0
635,1515049041,Sold,NXC,30.0,0.0,BTC,0.0015,3.75e-06,nan,0.08548497999999986,0,0
636,1515068429,Sold,NXC,30.0,0.0,BTC,0.0018,4.5e-06,nan,0.08728047999999987,0,0
637,1515129572,Sold,SC,1000.0,0.0,BTC,0.003,7.5e-06,nan,0.09027297999999986,0,0
638,1515183700,Bought,BTC,0.00914872,0.0,USDT,149.77116849,0.37442792,nan,0.09942169999999986,0,0
639,1515186794,Sold,NMR,0.5,0.0,BTC,0.00095951,2.39e-06,nan,0.10037881999999987,0,0
640,1515186904,Sold,CRW,12.0,0.0,BTC,0.00267252,6.68e-06,nan,0.10304465999999987,0,0
641,1515186954,Sold,SC,1000.0,0.0,BTC,0.0031999899999999,7.99e-06,nan,0.10623665999999977,0,0
642,1515187016,Sold,STRAX,1.95653453,0.0,BTC,0.0017471799999999,4.36e-06,nan,0.10797947999999967,0,0
643,1515259627,Bought,BRK,105.33262936,0.0,BTC,0.0049875,1.246e-05,nan,0.10297951999999967,0,0
644,1515259641,Bought,BCH,0.03236535,0.0,BTC,0.0049875,1.246e-05,nan,0.09797955999999967,0,0
645,1515259886,Bought,SC,316.16481775,0.0,BTC,0.001995,4.98e-06,nan,0.09597957999999968,0,0
646,1515311760,Bought,DOGE,5541.66666667,0.0,BTC,0.0049875,1.246e-05,nan,0.09097961999999968,0,0
647,1515312010,Bought,ADA,83.26377295,0.0,BTC,0.00498749,1.246e-05,nan,0.08597966999999967,0,0
648,1515316724,Bought,QTUM,0.25449675,0.0,BTC,0.0009975,2.49e-06,nan,0.08497967999999967,0,0
649,1515317281,Sold,DOGE,3541.66666667,0.0,BTC,0.0034,8.5e-06,nan,0.08837117999999967,0,0
650,1515337072,Sold,DOGE,1000.0,0.0,BTC,0.0010999999999999,2.75e-06,nan,0.08946842999999957,0,0
651,1515353805,Bought,GOLOS,166.80602007,0.0,BTC,0.0049875,1.246e-05,nan,0.08446846999999957,0,0
652,1515354429,Sold,DOGE,1000.0,0.0,BTC,0.00099,2.47e-06,nan,0.08545599999999957,0,0
653,1515362386,Bought,SLR,44.11374491,0.0,BTC,0.00498749,1.246e-05,nan,0.08045604999999957,0,0
654,1515386371,Sold,BRK,65.33262936,0.0,BTC,0.00418128,1.045e-05,nan,0.08462687999999957,0,0
655,1515393385,Sold,BRK,20.0,0.0,BTC,0.00138,3.45e-06,nan,0.08600342999999958,0,0
656,1515394218,Sold,BRK,20.0,0.0,BTC,0.00154,3.85e-06,nan,0.08753957999999958,0,0
657,1515483223,Sold,GOLOS,96.80602007,0.0,BTC,0.00300098,7.5e-06,nan,0.09053305999999958,0,0
658,1515492464,Bought,BAT,33.11752988,0.0,BTC,0.00199499,4.98e-06,nan,0.08853308999999958,0,0
659,1515500205,Bought,ADX,22.67045455,0.0,BTC,0.0049875,1.246e-05,nan,0.08353312999999958,0,0
660,1515514903,Sold,ADX,7.67045455,0.0,BTC,0.0017565299999999,4.39e-06,nan,0.08528526999999948,0,0
661,1515514948,Bought,GUP,57.99418605,0.0,BTC,0.0049875,1.246e-05,nan,0.08028530999999949,0,0
662,1515514984,Bought,INCNT,86.73913043,0.0,BTC,0.00495714,1.239e-05,nan,0.07531577999999949,0,0
663,1515515588,Sold,BTC,0.0101,0.0,USDT,150.187,0.3754675,nan,0.06521577999999949,125.2850957336935,0
664,1515517252,Bought,SEQ,68.79310345,0.0,BTC,0.0049875,1.246e-05,nan,0.06021581999999949,0,0
665,1515518584,Bought,VRC,49.62192817,0.0,BTC,0.00499345,1.248e-05,nan,0.05520988999999949,0,0
666,1515519229,Sold,VRC,19.62192817,0.0,BTC,0.00215841,5.39e-06,nan,0.05736290999999949,0,0
667,1515519230,Bought,OMG,3.0318596,0.0,BTC,0.00498749,1.246e-05,nan,0.05236295999999949,0,0
668,1515524243,Sold,VRC,15.0,0.0,BTC,0.001875,4.68e-06,nan,0.05423327999999949,0,0
669,1515527029,Sold,OMG,1.0318596,0.0,BTC,0.00175416,4.38e-06,nan,0.05598305999999949,0,0
670,1515551661,Sold,VRC,15.0,0.0,BTC,0.00225,5.62e-06,nan,0.058227439999999485,0,0
671,1515558447,Sold,BCH,0.02234035,0.0,BTC,0.00379785,9.49e-06,nan,0.06201579999999948,0,0
672,1515570210,Bought,BTC,0.00070049,0.0,USDT,9.9749776,0.02493744,nan,0.06271628999999948,0,0
673,1515570517,Bought,BTC,0.00082676,0.0,USDT,11.73366876,0.02933416,nan,0.06354304999999948,0,0
674,1515570768,Bought,BTC,0.00070644,0.0,USDT,9.9749328,0.02493733,nan,0.06424948999999948,0,0
675,1515571162,Bought,BTC,0.00070639,0.0,USDT,9.97493319,0.02493733,nan,0.06495587999999948,0,0
676,1515572297,Bought,DASH,0.00957197,0.0,BTC,0.00073704,1.84e-06,nan,0.06421699999999948,0,0
677,1515572298,Sold,DASH,0.00957197,0.0,USDT,10.04253098,0.02510632,nan,0.06421699999999948,8.313525949101834,0
678,1515572300,Bought,BTC,0.00073889,0.0,USDT,9.975015,0.02493753,nan,0.06495588999999949,0,0
679,1515572303,Bought,BTC,0.00073889,0.0,USDT,9.975015,0.02493753,nan,0.0656947799999995,0,0
680,1515572303,Bought,XMR,0.02677989,0.0,BTC,0.00073708,1.84e-06,nan,0.06495585999999949,0,0
681,1515572607,Bought,ETH,0.02347059,0.0,USDT,29.92500224,0.0748125,nan,0.06495585999999949,0,0
682,1515573662,Bought,ETH,0.0155133,0.0,USDT,20.02994526,0.05007486,nan,0.06495585999999949,0,0
683,1515573936,Bought,NEO,0.22454716,0.0,ETH,0.01994999,4.987e-05,nan,0.06495585999999949,0,0
685,1515573975,Bought,XMR,0.08099011,0.0,BTC,0.00219809,5.49e-06,nan,0.0627522799999995,0,0
684,1515573975,Bought,BTC,0.00220361,0.0,USDT,29.92504583,0.07481261,nan,0.06495588999999949,0,0
686,1515573976,Sold,XMR,0.08099011,0.0,USDT,29.97444011,0.07493609,nan,0.06495588999999949,24.896077154139665,0
687,1515574157,Bought,ETH,0.01041778,0.0,BTC,0.00099749,2.49e-06,nan,0.06395590999999949,0,0
688,1515574365,Bought,DASH,0.02908419,0.0,BTC,0.00222373,5.55e-06,nan,0.06172662999999949,0,0
689,1515574365,Bought,BTC,0.00222177,0.0,USDT,29.92499813,0.07481249,nan,0.06394839999999949,0,0
690,1515574366,Sold,DASH,0.02908419,0.0,USDT,29.95672541,0.0748918,nan,0.06394839999999949,24.881363736471904,0
691,1515575705,Bought,XMR,0.08084343,0.0,ETH,0.02303264,5.758e-05,nan,0.06394839999999949,0,0
693,1515575706,Bought,ETH,0.02301923,0.0,USDT,29.92499899,0.07481249,nan,0.06394839999999949,0,0
692,1515575706,Sold,XMR,0.08084343,0.0,USDT,29.85865664,0.07464663,nan,0.06394839999999949,24.799910081205024,0
694,1515575722,Sold,XRP,16.55432875,0.0,USDT,29.64880295,0.074122,nan,0.06394839999999949,24.625610453195225,0
695,1515575722,Bought,XRP,16.55432875,0.0,BTC,0.00218732,5.46e-06,nan,0.06175561999999949,0,0
696,1515575723,Bought,BTC,0.00220061,0.0,USDT,29.9412994,0.07485324,nan,0.06395622999999949,0,0
697,1515576510,Sold,INCNT,46.73913043,0.0,BTC,0.0028510799999999,7.12e-06,nan,0.06680018999999938,0,0
698,1515578526,Sold,SLR,44.11374491,0.0,BTC,0.00529364,1.323e-05,nan,0.07208059999999938,0,0
699,1515588614,Sold,INCNT,40.0,0.0,BTC,0.0028,7e-06,nan,0.07487359999999939,0,0
700,1515596299,Sold,BCH,0.01,0.0,BTC,0.0019,4.75e-06,nan,0.07676884999999939,0,0
701,1515599976,Bought,XDN,1151.84757506,0.0,BTC,0.00498749,1.246e-05,nan,0.07176889999999939,0,0
702,1515601477,Bought,BTC,0.00322984,0.0,USDT,46.83268,0.1170817,nan,0.07499873999999938,0,0
703,1515604649,Sold,BTC,0.01383799,0.0,USDT,200.5000209,0.50125005,nan,0.06116074999999938,166.43471420903495,0
704,1515624378,Sold,BCH,0.01,0.0,BTC,0.0020499999999999,5.12e-06,nan,0.06320562999999928,0,0
705,1515628993,Sold,XDN,651.84757506,0.0,BTC,0.00306368,7.65e-06,nan,0.06626165999999928,0,0
706,1515664905,Bought,VRC,24.9375,0.0,BTC,0.0049875,1.246e-05,nan,0.06126169999999928,0,0
707,1515666300,Sold,VRC,9.9375,0.0,BTC,0.00218625,5.46e-06,nan,0.06344248999999928,0,0
708,1515666549,Bought,BTC,0.00746911,0.0,USDT,99.7873096,0.24946827,nan,0.07091159999999928,0,0
709,1515666818,Bought,BTC,0.00741534,0.0,USDT,99.87390792,0.24968476,nan,0.07832693999999929,0,0
710,1515670738,Bought,DOGE,5799.41860465,0.0,BTC,0.00498749,1.246e-05,nan,0.07332698999999929,0,0
711,1515671129,Bought,BAY,336.31153068,0.0,BTC,0.00498077,1.245e-05,nan,0.0683337699999993,0,0
712,1515683568,Sold,BTC,0.00712518,0.0,USDT,101.82594737,0.25456486,nan,0.06120858999999929,83.73447416051293,0
713,1515683969,Sold,BTC,0.0070823,0.0,USDT,100.2499565,0.25062489,nan,0.05412628999999929,82.43849046695534,0
714,1515685709,Bought,XRP,10.0,0.0,BTC,0.00152,3.8e-06,nan,0.052602489999999294,0,0
715,1515685767,Bought,XRP,10.0,0.0,BTC,0.001535,3.83e-06,nan,0.051063659999999296,0,0
716,1515685862,Sold,XRP,20.0,0.0,BTC,0.00312,7.8e-06,nan,0.0541758599999993,0,0
717,1515686102,Bought,XRP,10.0,0.0,BTC,0.0015664,3.91e-06,nan,0.0526055499999993,0,0
718,1515686146,Sold,XRP,10.0,0.0,BTC,0.0015651,3.91e-06,nan,0.0541667399999993,0,0
719,1515688722,Sold,BTC,0.001,0.0,USDT,14.0990324,0.03524758,nan,0.053166739999999296,11.585978494269328,0
720,1515690297,Bought,BTC,0.01444815,0.0,USDT,199.5000552,0.49875013,nan,0.06761488999999929,0,0
721,1515711048,Sold,BTC,0.0038407,0.0,USDT,50.159542,0.12539885,nan,0.06377418999999929,-3.2233738299057606,0
722,1515711625,Bought,BTC,0.0038407,0.0,USDT,50.1441792,0.12536044,nan,0.06761488999999929,0,0
723,1515712399,Sold,BTC,0.00387264,0.0,USDT,50.12997983,0.12532494,nan,0.06374224999999929,-2.4142213290256294,0
724,1515716942,Bought,BTC,0.00387264,0.0,USDT,49.90671168,0.12476677,nan,0.06761488999999929,0,0
725,1515740751,Sold,BTC,0.01571336,0.0,USDT,216.02727328,0.54006818,nan,0.051901529999999294,177.7452277934156,0
726,1515767422,Sold,GUP,37.99418605,0.0,BTC,0.00349546,8.73e-06,nan,0.055388259999999294,0,0
727,1515771282,Bought,DTB,32.03069809,0.0,BTC,0.00496442,1.24e-05,nan,0.050411439999999294,0,0
728,1515771393,Bought,NXC,95.93190998,0.0,BTC,0.00487813,1.219e-05,nan,0.0455211199999993,0,0
7,1515841494,DEPOSIT,BTC,0.02824869,nan,nan,0.0,0.0,1EoJACEcyswn1DjsMBrf2fH3JHyUZif5jM,0.0737698099999993,0,0
729,1515855431,Bought,SIGNA,792.92527822,0.0,BTC,0.0049875,1.246e-05,nan,0.0687698499999993,0,0
730,1515866600,Bought,EMC2,79.38086901,0.0,BTC,0.00498749,1.246e-05,nan,0.0637698999999993,0,0
731,1515866621,Bought,OK,113.61047836,0.0,BTC,0.0049875,1.246e-05,nan,0.0587699399999993,0,0
732,1515920979,Bought,BTC,0.01483933,0.0,USDT,199.58898849,0.49897247,nan,0.0736092699999993,0,0
733,1515945598,Bought,EBST,57.99418605,0.0,BTC,0.0049875,1.246e-05,nan,0.0686093099999993,0,0
734,1515946219,Bought,ABY,1995.0,0.0,BTC,0.0049875,1.246e-05,nan,0.0636093499999993,0,0
735,1515947130,Sold,GOLOS,70.0,0.0,BTC,0.00245,6.12e-06,nan,0.0660532299999993,0,0
736,1515952709,Sold,BTC,0.01513704,0.0,USDT,202.85678416,0.50714196,nan,0.0509161899999993,-1.9573814518326742,0
737,1516016123,Bought,SYS,79.76171438,0.0,BTC,0.0049875,1.246e-05,nan,0.0459162299999993,0,0
738,1516016256,Bought,VIB,127.88461538,0.0,BTC,0.00498749,1.246e-05,nan,0.040916279999999305,0,0
739,1516037913,Bought,IOC,11.08284076,0.0,BTC,0.00498749,1.246e-05,nan,0.0359163299999993,0,0
740,1516038031,Bought,DGB,774.45652174,0.0,BTC,0.0049875,1.246e-05,nan,0.030916369999999305,0,0
741,1516088727,Bought,BTC,0.01556988,0.0,USDT,199.49998641,0.49874996,nan,0.046486249999999306,0,0
742,1516100666,Bought,DGB,370.12987013,0.0,BTC,0.00198759,4.96e-06,nan,0.0444936999999993,0,0
743,1516100751,Bought,ETC,0.71865994,0.0,BTC,0.00199499,4.98e-06,nan,0.042493729999999307,0,0
744,1516100767,Bought,SIGNA,444.32071269,0.0,BTC,0.00199499,4.98e-06,nan,0.04049375999999931,0,0
745,1516100922,Bought,ADA,37.04735376,0.0,BTC,0.00199499,4.98e-06,nan,0.03849378999999931,0,0
746,1516104902,Bought,ETC,1.75706525,0.0,BTC,0.00498749,1.246e-05,nan,0.03349383999999932,0,0
747,1516261331,Bought,NXC,117.35294118,0.0,BTC,0.0049875,1.246e-05,nan,0.02849387999999932,0,0
748,1516261356,Bought,GRC,475.0,0.0,BTC,0.0049875,1.246e-05,nan,0.02349391999999932,0,0
749,1516262044,Sold,EBST,57.99418605,0.0,BTC,0.00302845,7.57e-06,nan,0.02651479999999932,0,0
750,1516276486,Bought,OMG,3.0229288,0.0,BTC,0.00498749,1.246e-05,nan,0.021514849999999322,0,0
751,1516283661,Sold,OMG,3.0229288,0.0,BTC,0.00486407,1.216e-05,nan,0.026366759999999323,0,0
752,1516283694,Sold,DGB,1144.58639187,0.0,BTC,0.00654703,1.636e-05,nan,0.032897429999999325,0,0
753,1516283772,Bought,LTC,0.88774401,0.0,BTC,0.0149092399999999,3.727e-05,nan,0.017950919999999426,0,0
8,1516285213,WITHDRAWAL,LTC,-0.6,0.01,nan,0.0,0.0,Lbhesx1rfwrBXyKujczTMBeromHeq8aT3d,0.017950919999999426,0,0
9,1516286667,WITHDRAWAL,LTC,-0.26774401,0.01,nan,0.0,0.0,Lhumqf5KDM1Arqc5abdHacLAHwpmABG492,0.017950919999999426,0,0
10,1516298650,DEPOSIT,BCH,0.02814808,nan,nan,0.0,0.0,1FYaQHBx4mh5dJfUQJJVavKfG1L6CQAwac,0.017950919999999426,0,0
754,1516298893,Sold,SC,316.16481775,0.0,BTC,0.00150178,3.75e-06,nan,0.019448949999999427,0,0
755,1516298936,Sold,IOC,11.08284076,0.0,BTC,0.00479887,1.199e-05,nan,0.024235829999999427,0,0
756,1516298947,Sold,OK,113.61047836,0.0,BTC,0.00475005,1.187e-05,nan,0.028974009999999426,0,0
757,1516298957,Sold,GRC,475.0,0.0,BTC,0.004788,1.197e-05,nan,0.033750039999999426,0,0
758,1516298971,Sold,ABY,1995.0,0.0,BTC,0.00528675,1.321e-05,nan,0.039023579999999426,0,0
759,1516299036,Sold,BTC,0.016,0.0,USDT,180.160064,0.45040016,nan,0.023023579999999426,149.6991091757621,0
760,1516299249,Sold,NXC,113.28485116,0.0,BTC,0.00491996,1.229e-05,nan,0.027931249999999425,0,0
761,1516314550,Bought,BTC,0.01840236,0.0,USDT,199.1135352,0.49778383,nan,0.04633360999999943,0,0
762,1516317594,Sold,BTC,0.01864484,0.0,USDT,202.18615717,0.50546539,nan,0.02768876999999943,167.64498733814202,0
11,1516345177,DEPOSIT,BCH,0.02035,nan,nan,0.0,0.0,1FYaQHBx4mh5dJfUQJJVavKfG1L6CQAwac,0.02768876999999943,0,0
763,1516349107,Bought,BSD,38.79209769,0.0,BTC,0.0049875,1.246e-05,nan,0.022688809999999428,0,0
764,1516353302,Sold,ETC,4.65532163,0.0,BTC,0.01270902,3.177e-05,nan,0.03536605999999943,0,0
765,1516353322,Sold,BCH,0.04849808,0.0,BTC,0.0075521699999999,1.888e-05,nan,0.04289934999999933,0,0
766,1516361995,Bought,BTC,0.017469,0.0,USDT,200.02005,0.50005012,nan,0.06036834999999933,0,0
767,1516365253,Sold,BTC,0.017469,0.0,USDT,201.52255868,0.50380639,nan,0.04289934999999933,166.17892517892537,0
768,1516373659,Bought,BTC,0.01761,0.0,USDT,199.50369,0.49875922,nan,0.06050934999999933,0,0
769,1516377691,Bought,LTC,0.2,0.0,BTC,0.00333981,8.34e-06,nan,0.05716119999999933,0,0
770,1516377735,Bought,LTC,0.2,0.0,BTC,0.0033384,8.33e-06,nan,0.05381446999999933,0,0
12,1516378215,WITHDRAWAL,LTC,-0.19,0.01,nan,0.0,0.0,Lhumqf5KDM1Arqc5abdHacLAHwpmABG492,0.05381446999999933,0,0
771,1516483787,Sold,ADA,120.31112671,0.0,BTC,0.00664237,1.66e-05,nan,0.060440239999999326,0,0
772,1516483955,Sold,NXC,100.0,0.0,BTC,0.0039299999999999,9.82e-06,nan,0.06436041999999922,0,0
773,1516484160,Bought,LTC,1.20762712,0.0,BTC,0.01995,4.987e-05,nan,0.04436054999999922,0,0
774,1516484169,Bought,LTC,0.60381356,0.0,BTC,0.009975,2.493e-05,nan,0.034360619999999224,0,0
775,1516484228,Sold,WAVES,4.99749499,0.0,BTC,0.00372327,9.3e-06,nan,0.03807458999999922,0,0
776,1516500686,Sold,QTUM,0.25449675,0.0,BTC,0.00106888,2.67e-06,nan,0.03914079999999922,0,0
777,1516555352,Sold,BTC,0.013547,0.0,USDT,151.26322807000005,0.37815807,nan,0.02559379999999922,-2.9079157713976826,0
778,1516555377,Bought,BTC,0.013388,0.0,USDT,149.624288,0.37406072,nan,0.03898179999999922,0,0
779,1516556086,Sold,BTC,0.013359,0.0,USDT,151.26861015,0.37817152,nan,0.02562279999999922,124.97396304379335,0
780,1516558824,Bought,BTC,0.013293,0.0,USDT,149.626008,0.37406502,nan,0.03891579999999922,0,0
781,1516579246,Sold,BSD,18.79209769,0.0,BTC,0.00291277,7.28e-06,nan,0.04182128999999922,0,0
782,1516579278,Sold,BSD,10.0,0.0,BTC,0.00175,4.37e-06,nan,0.04356691999999922,0,0
783,1516616275,Sold,SYS,29.76171438,0.0,BTC,0.00205355,5.13e-06,nan,0.04561533999999922,0,0
784,1516719448,Bought,STRAX,4.34073107,0.0,BTC,0.00498315,1.245e-05,nan,0.04061973999999922,0,0
785,1516804928,Bought,WAVES,2.60287556,0.0,BTC,0.001995,4.98e-06,nan,0.03861975999999922,0,0
786,1517022459,Sold,WAVES,2.60287556,0.0,BTC,0.00216038,5.4e-06,nan,0.04077473999999922,0,0
787,1517067152,Sold,VIB,47.88461538,0.0,BTC,0.00203509,5.08e-06,nan,0.04280474999999922,0,0
788,1517107088,Sold,VIB,40.0,0.0,BTC,0.00196,4.9e-06,nan,0.04475984999999922,0,0
789,1517108111,Sold,VIB,40.0,0.0,BTC,0.0021999999999999,5.5e-06,nan,0.04695434999999912,0,0
790,1517164133,Sold,LTC,1.0,0.0,ETH,0.15435,0.00038587,nan,0.04695434999999912,0,0
791,1517175750,Bought,MORE,37.3259991,0.0,BTC,0.00498749,1.246e-05,nan,0.041954399999999115,0,0
792,1517175921,Bought,QRL,25.2148635,0.0,BTC,0.00498748,1.244e-05,nan,0.03695447999999912,0,0
793,1517214853,Bought,BTC,0.00150032,0.0,USDT,17.1336544,0.04283413,nan,0.038454799999999116,0,0
794,1517227881,Sold,BSD,10.0,0.0,BTC,0.0013469999999999,3.36e-06,nan,0.03979843999999902,0,0
795,1517227967,Sold,XDN,500.0,0.0,BTC,0.00161499,4.03e-06,nan,0.04140939999999902,0,0
796,1517228010,Sold,GUP,20.0,0.0,BTC,0.0009764,2.44e-06,nan,0.042383359999999023,0,0
797,1517228062,Sold,BAT,33.11752988,0.0,BTC,0.00180556,4.51e-06,nan,0.04418440999999902,0,0
798,1517228374,Bought,ZCL,0.38023872,0.0,BTC,0.0049875,1.246e-05,nan,0.039184449999999024,0,0
799,1517380228,Sold,STRAX,4.34073107,0.0,BTC,0.00542591,1.356e-05,nan,0.04459679999999902,0,0
800,1517474436,Sold,BTC,0.010179,0.0,USDT,100.7721,0.25193025,nan,0.03441779999999902,-14.3629332527142,0
801,1517481833,Sold,BTC,0.005,0.0,USDT,48.304749990000005,0.12076187,nan,0.02941779999999902,-8.05640603319587,0
802,1517482502,Sold,BTC,0.00524869,0.0,USDT,50.1249895,0.12531247,nan,0.02416910999999902,40.14345519359306,0
803,1517495805,Bought,BTC,0.01863,0.0,USDT,177.16944629,0.44292361,nan,0.042799109999999016,0,0
804,1517501355,Sold,BTC,0.018451,0.0,USDT,171.5943,0.42898575,nan,0.024348109999999017,136.83646587388827,0
805,1517513131,Bought,BTC,0.019146,0.0,USDT,172.955391,0.43238847,nan,0.04349410999999902,0,0
806,1517515256,Sold,BTC,0.019432,0.0,USDT,175.140616,0.43785154,nan,0.024062109999999016,138.5336947628431,0
807,1517516710,Bought,BTC,0.019298,0.0,USDT,174.64689999,0.43661724,nan,0.043360109999999015,0,0
808,1517517235,Sold,BTC,0.006777,0.0,USDT,62.01632996,0.15504082,nan,0.03658310999999902,-2.0406152846236907,0
809,1517588203,Bought,BTC,0.0078101,0.0,USDT,69.82229399,0.17455573,nan,0.04439320999999902,0,0
13,1517832350,WITHDRAWAL,LTC,-1.00144068,0.01,nan,0.0,0.0,LZcMPE3XdgBcu7Tym4Y7JeZLiBu5aNUnAR,0.04439320999999902,0,0
810,1517857962,Sold,BTC,0.020162,0.0,USDT,142.03217677,0.35508044,nan,0.024231209999999018,-32.86678608984981,0
811,1517861211,Bought,BTC,0.019176,0.0,USDT,135.08625244,0.33771563,nan,0.043407209999999016,0,0
812,1517904808,Sold,BTC,0.019695,0.0,USDT,121.78098438,0.30445246,nan,0.023712209999999016,-44.49947003839755,0
813,1517910716,Bought,BTC,0.018461,0.0,USDT,123.965615,0.30991403,nan,0.04217320999999902,0,0
814,1517921945,Sold,BTC,0.020955,0.0,USDT,142.494,0.356235,nan,0.021218209999999016,-10.701908543322276,0
815,1517922876,Bought,BTC,0.020088,0.0,USDT,140.01325457,0.35003313,nan,0.04130620999999902,0,0
816,1517932424,Sold,BTC,0.0223,0.0,USDT,162.36763259,0.40591908,nan,0.019006209999999017,9.661497893735444,0
817,1518004382,Sold,QRL,25.2148635,0.0,BTC,0.00410346,1.025e-05,nan,0.023099419999999017,0,0
818,1518004433,Sold,BTC,0.00243325,0.0,USDT,20.04998,0.05012495,nan,0.020666169999999016,2.4976380362767365,0
819,1518004651,Sold,BTC,0.00244244,0.0,USDT,20.04998996,0.05012497,nan,0.018223729999999015,2.4461606656833297,0
820,1518013476,Bought,BTC,0.023861,0.0,USDT,195.302285,0.48825571,nan,0.042084729999999015,0,0
821,1518127649,Sold,DOGE,5799.41860465,0.0,BTC,0.00313168,7.82e-06,nan,0.045208589999999015,0,0
822,1518127674,Sold,SYS,50.0,0.0,BTC,0.0031095,7.77e-06,nan,0.04831031999999901,0,0
823,1518127701,Sold,VRC,15.0,0.0,BTC,0.0015618,3.9e-06,nan,0.04986821999999901,0,0
824,1518127740,Sold,DTB,32.03069809,0.0,BTC,0.00262651,6.56e-06,nan,0.052488169999999015,0,0
825,1518127762,Sold,ADX,15.0,0.0,BTC,0.00203325,5.08e-06,nan,0.05451633999999902,0,0
826,1518127854,Sold,BAY,336.31153068,0.0,BTC,0.00277792,6.94e-06,nan,0.05728731999999902,0,0
827,1518127868,Sold,MORE,37.3259991,0.0,BTC,0.00344593,8.61e-06,nan,0.06072463999999902,0,0
828,1518173178,Sold,SEQ,68.79310345,0.0,BTC,0.00204728,5.11e-06,nan,0.06276680999999902,0,0
829,1518280254,Sold,BITS,30.949426,0.0,BTC,0.00477363,1.193e-05,nan,0.06752850999999901,0,0
830,1518434028,Sold,BTC,0.021198,0.0,USDT,187.125345,0.46781336,nan,0.04633050999999901,152.34675680594836,0
831,1518467253,Bought,ZCL,0.40814239,0.0,BTC,0.0049875,1.246e-05,nan,0.041330549999999015,0,0
832,1518467313,Bought,PIVX,7.39765648,0.0,BTC,0.00498727,1.246e-05,nan,0.036330819999999014,0,0
833,1518468684,Bought,XLM,113.71409029,0.0,BTC,0.0049875,1.246e-05,nan,0.03133085999999902,0,0
834,1518547375,Bought,DNT,492.83596838,0.0,BTC,0.0049875,1.246e-05,nan,0.02633089999999902,0,0
835,1518548459,Bought,SC,1840.40590406,0.0,BTC,0.00496909,1.242e-05,nan,0.021349389999999017,0,0
836,1518574744,Sold,DNT,292.83596838,0.0,BTC,0.00322119,8.05e-06,nan,0.024562529999999017,0,0
837,1518872716,Bought,BTC,0.017022,0.0,USDT,183.684402,0.459211,nan,0.041584529999999016,0,0
838,1518943917,Bought,VIA,15.85195309,0.0,BTC,0.00498734,1.246e-05,nan,0.03658472999999902,0,0
839,1518945364,Bought,ETC,1.0,0.0,BTC,0.0031157,7.78e-06,nan,0.03346124999999902,0,0
840,1518951073,Bought,LTC,0.23739973,0.0,BTC,0.00498748,1.246e-05,nan,0.028461309999999018,0,0
841,1519238152,Sold,BTC,0.01483,0.0,USDT,157.4946,0.3937365,nan,0.013631309999999019,127.44271376045202,0
14,1519684288,WITHDRAWAL,ZCL,-0.78638111,0.002,nan,0.0,0.0,t1bKy3vPFuDcK85LaSpKDWSQSALLMEx83sU,0.013631309999999019,0,0
842,1519826167,Bought,ZCL,0.15131836,0.0,BTC,0.00158581,3.96e-06,nan,0.012041539999999018,0,0
843,1519826227,Sold,OMG,2.0,0.0,BTC,0.00373626,9.34e-06,nan,0.01576845999999902,0,0
844,1519826248,Sold,VIA,15.85195309,0.0,BTC,0.00368557,9.2e-06,nan,0.019444829999999018,0,0
845,1519826304,Sold,ETH,0.06161217,0.0,BTC,0.00507666,1.269e-05,nan,0.02450879999999902,0,0
846,1519826325,Sold,PIVX,2.87511527,0.0,BTC,0.00147752,3.69e-06,nan,0.025982629999999018,0,0
847,1519826337,Sold,PIVX,4.52254121,0.0,BTC,0.00229021,5.72e-06,nan,0.028267119999999018,0,0
848,1519826384,Bought,ZCL,0.60317728,0.0,BTC,0.0062319299999999,1.557e-05,nan,0.022019619999999115,0,0
849,1519826462,Sold,DNT,200.0,0.0,BTC,0.0014039999999999,3.51e-06,nan,0.023420109999999016,0,0
850,1519826478,Sold,SC,1840.40590406,0.0,BTC,0.0036071899999999,9.01e-06,nan,0.027018289999998914,0,0
851,1519826505,Sold,EMC2,79.38086901,0.0,BTC,0.00217821,5.44e-06,nan,0.029191059999998915,0,0
852,1519830270,Bought,ZCL,0.75619041,0.0,BTC,0.00715356,1.788e-05,nan,0.022019619999998914,0,0
853,1519838142,Bought,ZCL,2.49375,0.0,BTC,0.0049875,1.246e-05,nan,0.017019659999998916,0,0
854,1519838576,Sold,ZCL,1.67083333,0.0,BTC,0.00501249,1.253e-05,nan,0.022019619999998914,0,0
855,1519840635,Sold,ZCL,0.91136087,0.0,BTC,0.00300749,7.51e-06,nan,0.025019599999998914,0,0
856,1519841776,Sold,ZCL,1.42224185,0.0,BTC,0.00455994,1.139e-05,nan,0.029568149999998912,0,0
857,1520196337,Sold,ETC,1.0,0.0,BTC,0.00252134,6.3e-06,nan,0.032083189999998915,0,0
858,1520196401,Bought,BTC,0.0062065,0.0,USDT,71.188555,0.17797138,nan,0.03828968999999892,0,0
859,1520441080,Bought,BTC,0.008748,0.0,USDT,87.93489591000001,0.21983723,nan,0.04703768999999892,0,0
860,1520444061,Bought,BTC,0.00223121,0.0,USDT,21.79113354,0.05447783,nan,0.049268899999998915,0,0
861,1520795913,Sold,BTC,0.005455,0.0,USDT,52.368,0.13092,nan,0.04381389999999891,42.4252795380389,0
862,1520943224,Bought,BTC,0.004682,0.0,USDT,41.78685,0.10446712,nan,0.04849589999999891,0,0
863,1521276522,Sold,SIGNA,1532.29549587,0.0,BTC,0.00389203,9.73e-06,nan,0.05237819999999891,0,0
864,1521653355,Sold,ETH,0.12168278,0.0,BTC,0.00760516,1.9e-05,nan,0.05996435999999891,0,0
865,1522232996,Sold,LTC,0.23739973,0.0,BTC,0.00408921,1.022e-05,nan,0.06404334999999892,0,0
866,1522683651,Sold,NEO,0.22454716,0.0,BTC,0.00157856,3.94e-06,nan,0.06561796999999892,0,0
867,1522683885,Sold,XLM,113.71409029,0.0,BTC,0.0034910199999999,8.72e-06,nan,0.06910026999999881,0,0
868,1522684558,Bought,XMR,0.11640748,0.0,BTC,0.00299249,7.48e-06,nan,0.06610029999999881,0,0
869,1522686800,Bought,ETH,0.1,0.0,BTC,0.0055299999999999,1.382e-05,nan,0.060556479999998906,0,0
15,1522687264,WITHDRAWAL,ETH,-0.094,0.006,nan,0.0,0.0,0xDa9304a2267cA8AE1405D13CD80e98E8B70Fc49B,0.060556479999998906,0,0
870,1523607800,Sold,XMR,0.14318737,0.0,BTC,0.00345209,8.63e-06,nan,0.06399993999999891,0,0
16,1535991013,DEPOSIT,DASH,0.01295221,nan,nan,0.0,0.0,Xswn8AP81GwFd8qA9E8YkjJV6X9U6Pxh1f,0.06399993999999891,0,0
871,1537381324,Bought,DASH,0.0546898,0.0,USDT,10.32004769,0.02580011,nan,0.06399993999999891,0,0
872,1537381382,Sold,DASH,0.06764201,0.0,BTC,0.00200826,5.02e-06,nan,0.06600317999999891,0,0
17,1537381711,WITHDRAWAL,BTC,-0.05348361,0.0005,nan,0.0,0.0,1CXrREtFy9z6LppYBjwUamfHwYBdwnxD26,0.01201956999999891,0,0
18,1704506254,WITHDRAWAL,USDT,-6.525e-05,nan,nan,0.0,0.0,MAINTENANCE-FEE-20240105,0.01201956999999891,0,0
