txid,timestamp,my_address,other_address,direction,amount_sat,fee_sat,internal,datetime,signed_amount
e3c88eadbad474666f2a38b79bc30c478d1bca1837057a3885714fb25bbbff99,1483790072,1M39a7QanTGNTdqCnq5yZhvdovjxa1MCFu,18p9Ftp3m4435tdpZTvoBsm3yjUgkvTF2b,IN,1455776,0,False,2017-01-07 11:54:32+00:00,1455776
f17bb8d13fcb0a78a55834dabd7e4e03ffb19a3a4388b50daae50e791ec72d29,1485995726,1M39a7QanTGNTdqCnq5yZhvdovjxa1MCFu,3BsxemN2EkRTH2LBzYUYST39o6ZbQfZ6a8,OUT,1380000,4488,False,2017-02-02 00:35:26+00:00,-1384488
f17bb8d13fcb0a78a55834dabd7e4e03ffb19a3a4388b50daae50e791ec72d29,1485995726,1M39a7QanTGNTdqCnq5yZhvdovjxa1MCFu,1MzYBeLERif7s2G1UpJ8JrTGjwgCs5tcZC,OUT,71288,4488,False,2017-02-02 00:35:26+00:00,-71288
7e6431e66ff6ab3055185160d9e32567ddf9a602d85e9c34487e32e6ba1f09e6,1501083650,13j1zprAvYwYu7o3ahiaWW6koBF5DEK99g,1EnxErtRRpfshfZHCGj2dhVfKqNUvqB6uV,IN,3908028,0,False,2017-07-26 15:40:50+00:00,3908028
72dc53b2e962610bedcd27df9b3e8064091a05fbc2cdafcdab26dd8ba34b5bcf,1501241316,1AANaeGQYx6oYjK5uGjiGYMaT6nHR8chH3,18p9Ftp3m4435tdpZTvoBsm3yjUgkvTF2b,IN,4316487,0,False,2017-07-28 11:28:36+00:00,4316487
a8857a72f69107d75d8673d36a0d8e056dc404e20703ebf1792c1a34966b2733,1501435303,1M39a7QanTGNTdqCnq5yZhvdovjxa1MCFu,3Bg5WDKzMjHv3Y4LG2jf94e9HVwCJTLGpX,IN,344715,0,False,2017-07-30 17:21:43+00:00,344715
c6f9c54b68c0804458261b4f0aecc4f4d535816230b6b214998d53a896c94abb,1503831535,1AANaeGQYx6oYjK5uGjiGYMaT6nHR8chH3,1D9LTF47cUpw5ZR74DqSFbJNSYavzERAHZ,OUT,8622161,19615,False,2017-08-27 10:58:55+00:00,-8641776
c6f9c54b68c0804458261b4f0aecc4f4d535816230b6b214998d53a896c94abb,1503831535,1M39a7QanTGNTdqCnq5yZhvdovjxa1MCFu,1D9LTF47cUpw5ZR74DqSFbJNSYavzERAHZ,OUT,8622161,19615,False,2017-08-27 10:58:55+00:00,0
c6f9c54b68c0804458261b4f0aecc4f4d535816230b6b214998d53a896c94abb,1503831535,13j1zprAvYwYu7o3ahiaWW6koBF5DEK99g,1D9LTF47cUpw5ZR74DqSFbJNSYavzERAHZ,OUT,8622161,19615,False,2017-08-27 10:58:55+00:00,0
271f895a53ae2bcd871b2544956c828e8793e6cfde5fdba3c0ef543ba264c0b4,1507387452,1M39a7QanTGNTdqCnq5yZhvdovjxa1MCFu,3LFSPN9Xrot98GY5HbEQuK4a5N5U7xYR4Q,IN,770910,0,False,2017-10-07 14:44:12+00:00,770910
659aa7188a20d913020741a1711fcc5eb60a8f4cbde130037ac4877a7437f9d1,1508783370,1M39a7QanTGNTdqCnq5yZhvdovjxa1MCFu,35NJZHtFHCLDnoa9gLhmafymD7hMaEVnfk,IN,240468,0,False,2017-10-23 18:29:30+00:00,240468
1fe6e281d6e6ea0cccfe65ef503d7e6f5e4d50d65ce64ce15b9110b09a4d571d,1509194483,1EnZ1XLyF4fdw6u3at3CDTczbr4whH1siw,1M39a7QanTGNTdqCnq5yZhvdovjxa1MCFu,IN,944961,0,True,2017-10-28 12:41:23+00:00,944961
1fe6e281d6e6ea0cccfe65ef503d7e6f5e4d50d65ce64ce15b9110b09a4d571d,1509194483,1M39a7QanTGNTdqCnq5yZhvdovjxa1MCFu,1EnZ1XLyF4fdw6u3at3CDTczbr4whH1siw,OUT,944961,66417,True,2017-10-28 12:41:23+00:00,-1011378
ba5f6c1ed11740d2a020f1aaaaa42bc3ac93f1c839f2ecec6aadabe7d45230b0,1509525787,1EaRTktYtBy4MCUHZf5Mazjj7VPPaEuKBk,15uhWTQoTmFKtPrcdpspH85rH3EfgXGZQx,IN,18907913,0,False,2017-11-01 08:43:07+00:00,18907913
b8d0e9f575c0a47bf9379e1d4e4e0f96eaee257887b351b9ffc2f8619744880e,1510532941,1AUL6og6bCBxgtHfFGUHNrL4SNRqwQHff4,1EaRTktYtBy4MCUHZf5Mazjj7VPPaEuKBk,IN,13814200,0,True,2017-11-13 00:29:01+00:00,13814200
b8d0e9f575c0a47bf9379e1d4e4e0f96eaee257887b351b9ffc2f8619744880e,1510532941,1EaRTktYtBy4MCUHZf5Mazjj7VPPaEuKBk,1AUL6og6bCBxgtHfFGUHNrL4SNRqwQHff4,OUT,13814200,93713,True,2017-11-13 00:29:01+00:00,-13907913
b8d0e9f575c0a47bf9379e1d4e4e0f96eaee257887b351b9ffc2f8619744880e,1510532941,1EaRTktYtBy4MCUHZf5Mazjj7VPPaEuKBk,1p14aUUk5uVcdP5CAs5NsPCJyodmoqc8N,OUT,5000000,93713,False,2017-11-13 00:29:01+00:00,-5000000
01c70fa9f87e5effd032a114fa6848c4c6995ce0e883820890d06ebd6d6b62d9,1511313026,16FQWgBRGbg8JnX3rRPxSfy4k8oCfCBhyQ,1MUkn1y2EhCR5Sxs4ccsziqWG2REceB5v1,IN,9100525,0,False,2017-11-22 01:10:26+00:00,9100525
6eec7834ae9f17136e51631aff0f67071b399f03bcdf9b3eb25a70411b5d4ded,1511654462,17nFAyQnK28gFiLVGU7VKcnycgmzf7CVyr,1AUL6og6bCBxgtHfFGUHNrL4SNRqwQHff4,IN,12793500,0,True,2017-11-26 00:01:02+00:00,12793500
6eec7834ae9f17136e51631aff0f67071b399f03bcdf9b3eb25a70411b5d4ded,1511654462,1AUL6og6bCBxgtHfFGUHNrL4SNRqwQHff4,17nFAyQnK28gFiLVGU7VKcnycgmzf7CVyr,OUT,12793500,20700,True,2017-11-26 00:01:02+00:00,-12814200
6eec7834ae9f17136e51631aff0f67071b399f03bcdf9b3eb25a70411b5d4ded,1511654462,1AUL6og6bCBxgtHfFGUHNrL4SNRqwQHff4,17SBQ8oE39MiZBpvHWFfjSVjSte6N4zdcD,OUT,1000000,20700,False,2017-11-26 00:01:02+00:00,-1000000
ada7fb92c9bdc277a084e68f1c00aef7bc805ffff7533fe18e776fef448be59e,1511836542,1EnZ1XLyF4fdw6u3at3CDTczbr4whH1siw,129gvLknQXcBpnerHQJLmoTRrJxtqtkLyU,OUT,422200,22761,True,2017-11-28 02:35:42+00:00,-444961
ada7fb92c9bdc277a084e68f1c00aef7bc805ffff7533fe18e776fef448be59e,1511836542,129gvLknQXcBpnerHQJLmoTRrJxtqtkLyU,1EnZ1XLyF4fdw6u3at3CDTczbr4whH1siw,IN,422200,0,True,2017-11-28 02:35:42+00:00,422200
ada7fb92c9bdc277a084e68f1c00aef7bc805ffff7533fe18e776fef448be59e,1511836542,1EnZ1XLyF4fdw6u3at3CDTczbr4whH1siw,1H3v9cRV2bKD4HUdk84Yr9FDWLbV3HDzWt,OUT,500000,22761,False,2017-11-28 02:35:42+00:00,-500000
98c68072d7ebfbc41b6b130f6f7d32275b896d8515240d44b772225c8d6c1259,1517161935,129gvLknQXcBpnerHQJLmoTRrJxtqtkLyU,bc1qxkfe3z2pnew5uq0rfw7g705al3v068u79ez6sv,OUT,22306225,10000,True,2018-01-28 17:52:15+00:00,-22316225
98c68072d7ebfbc41b6b130f6f7d32275b896d8515240d44b772225c8d6c1259,1517161935,16FQWgBRGbg8JnX3rRPxSfy4k8oCfCBhyQ,bc1qxkfe3z2pnew5uq0rfw7g705al3v068u79ez6sv,OUT,22306225,10000,True,2018-01-28 17:52:15+00:00,0
98c68072d7ebfbc41b6b130f6f7d32275b896d8515240d44b772225c8d6c1259,1517161935,17nFAyQnK28gFiLVGU7VKcnycgmzf7CVyr,bc1qxkfe3z2pnew5uq0rfw7g705al3v068u79ez6sv,OUT,22306225,10000,True,2018-01-28 17:52:15+00:00,0
98c68072d7ebfbc41b6b130f6f7d32275b896d8515240d44b772225c8d6c1259,1517161935,bc1qxkfe3z2pnew5uq0rfw7g705al3v068u79ez6sv,129gvLknQXcBpnerHQJLmoTRrJxtqtkLyU,IN,22306225,0,True,2018-01-28 17:52:15+00:00,22306225
a6dcadfacb79dbe2671a6624c086519cffdbb7dc2e7c527e9b74a4e7db21e255,1520281957,1KCA9uHbxgazEAwZij9WU6tzPphVsPQoF1,39j2d5qZ4Tmo5iJFS9ThkpwmAeCs5VUNpF,IN,1800787,0,False,2018-03-05 20:32:37+00:00,1800787
c2355d5e71196370d632030be883def5137e0e0306d3f750ee50fd910af3bc88,1523616426,1FuSFGfxe53KNiPemcaBWhddNvNq2nxpan,1NDyJtNTjmwk5xPNhjgAMu4HDHigtobu1s,IN,9950000,0,False,2018-04-13 10:47:06+00:00,9950000
8a9c3e0a78272b7553517169f620d4cecdef079ce1c7ff0c33b15834cf2e8307,1524301481,1FuSFGfxe53KNiPemcaBWhddNvNq2nxpan,14vPh3dKbcRruSrF35e45prYUyLeCnCbS3,OUT,2000000,1000,False,2018-04-21 09:04:41+00:00,-2001000
8a9c3e0a78272b7553517169f620d4cecdef079ce1c7ff0c33b15834cf2e8307,1524301481,1HQWgexC7u35a6m3cxBNRwqQ7vkwdnA1HE,1FuSFGfxe53KNiPemcaBWhddNvNq2nxpan,IN,7949000,0,True,2018-04-21 09:04:41+00:00,7949000
8a9c3e0a78272b7553517169f620d4cecdef079ce1c7ff0c33b15834cf2e8307,1524301481,1FuSFGfxe53KNiPemcaBWhddNvNq2nxpan,1HQWgexC7u35a6m3cxBNRwqQ7vkwdnA1HE,OUT,7949000,1000,True,2018-04-21 09:04:41+00:00,-7949000
9f4ee13be6117ffcbfaddb85063e5b198f49bfd9ba3d11651fc2234353954930,1527317960,1AqvtQfVXtNw44Jshs4nmty8ByR3q4Uis1,35YWfb9KV2yfJ7rRmK4apbcqXVbnxUuMPz,IN,2269500,0,False,2018-05-26 06:59:20+00:00,2269500
632b0790574a1f469e41f389a36ad7f16dec4705a5f9cc98cc170425078e799f,1527408936,1HQWgexC7u35a6m3cxBNRwqQ7vkwdnA1HE,34yjiXVAna9CgNJws6wAeAz1QrwXgT2S2N,OUT,2018700,587,False,2018-05-27 08:15:36+00:00,-2019287
632b0790574a1f469e41f389a36ad7f16dec4705a5f9cc98cc170425078e799f,1527408936,1HQWgexC7u35a6m3cxBNRwqQ7vkwdnA1HE,bc1qe5jln97p8vhupk9g0quh58zfxn35ygnh2mmn57,OUT,10000000,587,True,2018-05-27 08:15:36+00:00,-10000000
632b0790574a1f469e41f389a36ad7f16dec4705a5f9cc98cc170425078e799f,1527408936,1KCA9uHbxgazEAwZij9WU6tzPphVsPQoF1,bc1qe5jln97p8vhupk9g0quh58zfxn35ygnh2mmn57,OUT,10000000,587,True,2018-05-27 08:15:36+00:00,0
632b0790574a1f469e41f389a36ad7f16dec4705a5f9cc98cc170425078e799f,1527408936,1KCA9uHbxgazEAwZij9WU6tzPphVsPQoF1,34yjiXVAna9CgNJws6wAeAz1QrwXgT2S2N,OUT,2018700,587,False,2018-05-27 08:15:36+00:00,0
632b0790574a1f469e41f389a36ad7f16dec4705a5f9cc98cc170425078e799f,1527408936,1AqvtQfVXtNw44Jshs4nmty8ByR3q4Uis1,34yjiXVAna9CgNJws6wAeAz1QrwXgT2S2N,OUT,2018700,587,False,2018-05-27 08:15:36+00:00,0
632b0790574a1f469e41f389a36ad7f16dec4705a5f9cc98cc170425078e799f,1527408936,bc1qe5jln97p8vhupk9g0quh58zfxn35ygnh2mmn57,1KCA9uHbxgazEAwZij9WU6tzPphVsPQoF1,IN,10000000,0,True,2018-05-27 08:15:36+00:00,10000000
632b0790574a1f469e41f389a36ad7f16dec4705a5f9cc98cc170425078e799f,1527408936,1AqvtQfVXtNw44Jshs4nmty8ByR3q4Uis1,bc1qe5jln97p8vhupk9g0quh58zfxn35ygnh2mmn57,OUT,10000000,587,True,2018-05-27 08:15:36+00:00,0
cbf07c0dcad9a429bf372df4ebaea185ed507aa55274929bd80d30eafad093aa,1532167571,1EaRTktYtBy4MCUHZf5Mazjj7VPPaEuKBk,37Ae4q6QCQiEm6zZsJBtKpqDshPV1vkmZd,IN,1000000,0,False,2018-07-21 10:06:11+00:00,1000000
e7427ce036c39ad463aa5fb2d680fbd0376cefea64f25a223376c39b6886b2c9,1535214086,12U6mtUKsBdqx9PxLBrNS4ajgsJJFcEMr4,1NJEqWEX61oQEUFKPcXdeWvxz34iVj1bW7,IN,482000,0,False,2018-08-25 16:21:26+00:00,482000
1a50cd9ad7b8d29f5efda0c61f024e8fb68f9633e98183a99849384d7bd88b7b,1535216261,1HUzgTzyZSgbvspHP1xx58hCrj6KPXNwtj,bc1qyrx4k0a463x078h5rxhdxdw7tfm749lpdkdtp5,IN,489611,0,False,2018-08-25 16:57:41+00:00,489611
99f5568641c96e3ca3a714357d8d94522ecb9e1990e4862b8f686f2f68beb715,1535219221,bc1qkjajl7xnr74nradyewsg025hnhdp5pnft3nlru,bc1q3wk06pk7nz697tvqxrg5kmu38wvyxwteuqrcqq,IN,493000,0,False,2018-08-25 17:47:01+00:00,493000
abbcaa592155f125c4c3be0d0b29310f942cfd34fa309b39e7d6d9ed45deba4f,1535268845,158kxRdraE4yqBPVt5A6Ybw8xNxypWphbd,3Dy1xqwoEj8mfDSyeM3HkTdn3pvusLaKgU,IN,10067155,0,False,2018-08-26 07:34:05+00:00,10067155
a4f5b0f1d7306f734a6a2bb417db3fa08c1926bc4f416c77e7e3c2f672fc7b5e,1536011987,1EaRTktYtBy4MCUHZf5Mazjj7VPPaEuKBk,31zUbuT26HrAej3vXoVSytwvq19cYtyNf4,IN,815392,0,False,2018-09-03 21:59:47+00:00,815392
d7d1a550fff2864d96a471f51981ef5cd29867ab162008ac24e0ad821cb234b1,1536857855,16yAQbC12MspFHN8kqvQrMBi3wPoqSAh56,3M1BuDXvxH9y8dr8yCbAsrLJPx9Lix914j,IN,3126130,0,False,2018-09-13 16:57:35+00:00,3126130
5d4154ac003c15058ef4786daeb1000a6f42c7e89a4f563929d38b288b922fa4,1537381479,1CXrREtFy9z6LppYBjwUamfHwYBdwnxD26,14dxe2EvKhhArWm3fUfZjusRquMj7eSomi,IN,3326329,0,False,2018-09-19 18:24:39+00:00,3326329
fd5aef948fbe63dcb03af963a63d37979960a428fb1bb502add418038079a291,1537383442,1CXrREtFy9z6LppYBjwUamfHwYBdwnxD26,1Pb97iL4ae56Y2od47mptVpMWqssV8B2mx,IN,5348361,0,False,2018-09-19 18:57:22+00:00,5348361
af1c900fa162b28700a67b97127cdf432578f21624397c5fff29777af26dc874,1542537486,1N3KGpqTC1r1PDRe1sxQZofLrnzBMz3RCB,3CoXin6N7hTb4wKKKScHHSdiyDxLR9HqAF,IN,6747639,0,False,2018-11-18 10:38:06+00:00,6747639
fe8f475c91d6f691174c54920cc3df12d0b92f062a4774e29f80221f678a7ecf,1557859274,1bhsBpxqxXrbuXyXmeg34sUw9YywFeVJb,3P61TpMjrzBoMXAczzUqHqukScnRNmhHmd,IN,13511582,0,False,2019-05-14 18:41:14+00:00,13511582
c942d2634c733143cb30cf1b17886189ee9df0105c1b3d9b93ae6c7b34182926,1560711086,1zAitkTvph4np2AbfsRZTCzBD2MkiqdJo,3M2YdjMDKD9V8vJkfpeofpYvvURmFrZezC,IN,5607194,0,False,2019-06-16 18:51:26+00:00,5607194
c3ecdbc82b4482eb915a55ce7a9ad4728f3413712131b16189b8d77b9e634501,1560711244,1KCA9uHbxgazEAwZij9WU6tzPphVsPQoF1,3N1kFAWSeWwgJGXpQc832yqqWamwkUHhG1,IN,5309000,0,False,2019-06-16 18:54:04+00:00,5309000
f281000df957e6624b200718c9b7c285efc5e264485e9c064121c40eb7accf0e,1583059866,1ETjoycrF3FxjxbnVBfKYQVXs7Estnw8qp,3A4uZo6odxVX2VHVJ88TiSjftk4xtEpgbf,IN,10541172,0,False,2020-03-01 10:51:06+00:00,10541172
14f41290cd7cb178a09fff3fd9ed71ca5af64bc0c7683118fde353854fe10e75,1596831232,1LbkBWrnkUiNic49NhrPqi68mD78VspAei,3LzNJ5gzFYiK9AmtdoYgswTBCahUVLzk2t,IN,7857455,0,False,2020-08-07 20:13:52+00:00,7857455
9b9f86503b6a06466f09431d6fe2416aab6a3d61517b7d0a79f98f0c2c2d789b,1611970583,1CXrREtFy9z6LppYBjwUamfHwYBdwnxD26,bc1qh6na7upyapysll60hsd7jmsy2lewdt6ycwmfwd,OUT,5377500,44829,True,2021-01-30 01:36:23+00:00,-5422329
9b9f86503b6a06466f09431d6fe2416aab6a3d61517b7d0a79f98f0c2c2d789b,1611970583,1CXrREtFy9z6LppYBjwUamfHwYBdwnxD26,37qDxY6D4dPjkeW9EfERPjxYTrCAvvRwtb,OUT,1000000,44829,False,2021-01-30 01:36:23+00:00,-1000000
9b9f86503b6a06466f09431d6fe2416aab6a3d61517b7d0a79f98f0c2c2d789b,1611970583,1N3KGpqTC1r1PDRe1sxQZofLrnzBMz3RCB,37qDxY6D4dPjkeW9EfERPjxYTrCAvvRwtb,OUT,1000000,44829,False,2021-01-30 01:36:23+00:00,0
9b9f86503b6a06466f09431d6fe2416aab6a3d61517b7d0a79f98f0c2c2d789b,1611970583,1N3KGpqTC1r1PDRe1sxQZofLrnzBMz3RCB,bc1qh6na7upyapysll60hsd7jmsy2lewdt6ycwmfwd,OUT,5377500,44829,True,2021-01-30 01:36:23+00:00,0
9b9f86503b6a06466f09431d6fe2416aab6a3d61517b7d0a79f98f0c2c2d789b,1611970583,1N3KGpqTC1r1PDRe1sxQZofLrnzBMz3RCB,1p14aUUk5uVcdP5CAs5NsPCJyodmoqc8N,OUT,9000000,44829,False,2021-01-30 01:36:23+00:00,-9000000
9b9f86503b6a06466f09431d6fe2416aab6a3d61517b7d0a79f98f0c2c2d789b,1611970583,bc1qh6na7upyapysll60hsd7jmsy2lewdt6ycwmfwd,1CXrREtFy9z6LppYBjwUamfHwYBdwnxD26,IN,5377500,0,True,2021-01-30 01:36:23+00:00,5377500
9b9f86503b6a06466f09431d6fe2416aab6a3d61517b7d0a79f98f0c2c2d789b,1611970583,1CXrREtFy9z6LppYBjwUamfHwYBdwnxD26,1p14aUUk5uVcdP5CAs5NsPCJyodmoqc8N,OUT,9000000,44829,False,2021-01-30 01:36:23+00:00,0
209a8794c1f115a70343623f7e152050fcfb3e38ba23b469f228c66a10045c47,1611998378,bc1qh6na7upyapysll60hsd7jmsy2lewdt6ycwmfwd,1bhsBpxqxXrbuXyXmeg34sUw9YywFeVJb,IN,22118700,0,True,2021-01-30 09:19:38+00:00,22118700
83c51aed9c4550486952a2974d9df5eae31998138dd95430a4f517b874e5c556,1611998378,bc1qh6na7upyapysll60hsd7jmsy2lewdt6ycwmfwd,bc1qsh4pf07z8vwlkv2mvfdur7epc39kygcyp6df5x,OUT,22087009,31691,True,2021-01-30 09:19:38+00:00,-22118700
83c51aed9c4550486952a2974d9df5eae31998138dd95430a4f517b874e5c556,1611998378,bc1qsh4pf07z8vwlkv2mvfdur7epc39kygcyp6df5x,bc1qh6na7upyapysll60hsd7jmsy2lewdt6ycwmfwd,IN,22087009,0,True,2021-01-30 09:19:38+00:00,22087009
209a8794c1f115a70343623f7e152050fcfb3e38ba23b469f228c66a10045c47,1611998378,1bhsBpxqxXrbuXyXmeg34sUw9YywFeVJb,37qDxY6D4dPjkeW9EfERPjxYTrCAvvRwtb,OUT,2000000,1209,False,2021-01-30 09:19:38+00:00,-2001209
209a8794c1f115a70343623f7e152050fcfb3e38ba23b469f228c66a10045c47,1611998378,1bhsBpxqxXrbuXyXmeg34sUw9YywFeVJb,1p14aUUk5uVcdP5CAs5NsPCJyodmoqc8N,OUT,10000000,1209,False,2021-01-30 09:19:38+00:00,-10000000
209a8794c1f115a70343623f7e152050fcfb3e38ba23b469f228c66a10045c47,1611998378,1ETjoycrF3FxjxbnVBfKYQVXs7Estnw8qp,37qDxY6D4dPjkeW9EfERPjxYTrCAvvRwtb,OUT,2000000,1209,False,2021-01-30 09:19:38+00:00,0
209a8794c1f115a70343623f7e152050fcfb3e38ba23b469f228c66a10045c47,1611998378,1bhsBpxqxXrbuXyXmeg34sUw9YywFeVJb,bc1qh6na7upyapysll60hsd7jmsy2lewdt6ycwmfwd,OUT,22118700,1209,True,2021-01-30 09:19:38+00:00,-22118700
209a8794c1f115a70343623f7e152050fcfb3e38ba23b469f228c66a10045c47,1611998378,158kxRdraE4yqBPVt5A6Ybw8xNxypWphbd,37qDxY6D4dPjkeW9EfERPjxYTrCAvvRwtb,OUT,2000000,1209,False,2021-01-30 09:19:38+00:00,0
209a8794c1f115a70343623f7e152050fcfb3e38ba23b469f228c66a10045c47,1611998378,158kxRdraE4yqBPVt5A6Ybw8xNxypWphbd,1p14aUUk5uVcdP5CAs5NsPCJyodmoqc8N,OUT,10000000,1209,False,2021-01-30 09:19:38+00:00,0
209a8794c1f115a70343623f7e152050fcfb3e38ba23b469f228c66a10045c47,1611998378,158kxRdraE4yqBPVt5A6Ybw8xNxypWphbd,bc1qh6na7upyapysll60hsd7jmsy2lewdt6ycwmfwd,OUT,22118700,1209,True,2021-01-30 09:19:38+00:00,0
209a8794c1f115a70343623f7e152050fcfb3e38ba23b469f228c66a10045c47,1611998378,1ETjoycrF3FxjxbnVBfKYQVXs7Estnw8qp,1p14aUUk5uVcdP5CAs5NsPCJyodmoqc8N,OUT,10000000,1209,False,2021-01-30 09:19:38+00:00,0
209a8794c1f115a70343623f7e152050fcfb3e38ba23b469f228c66a10045c47,1611998378,1ETjoycrF3FxjxbnVBfKYQVXs7Estnw8qp,bc1qh6na7upyapysll60hsd7jmsy2lewdt6ycwmfwd,OUT,22118700,1209,True,2021-01-30 09:19:38+00:00,0
738fce4b75fd9fa6212a47dce4aa7229e2bc5a62ce09f6206cac1b51d9d1e453,1612256670,bc1q34qxyy0m9s0n6kpsteujeen5qskjs8kexxqh87,bc1qxkfe3z2pnew5uq0rfw7g705al3v068u79ez6sv,IN,11294200,0,True,2021-02-02 09:04:30+00:00,11294200
738fce4b75fd9fa6212a47dce4aa7229e2bc5a62ce09f6206cac1b51d9d1e453,1612256670,bc1qxkfe3z2pnew5uq0rfw7g705al3v068u79ez6sv,322MwtvpAGmJzdH58dsfFkkbcggWm3Tizd,OUT,1000000,12025,False,2021-02-02 09:04:30+00:00,-1012025
738fce4b75fd9fa6212a47dce4aa7229e2bc5a62ce09f6206cac1b51d9d1e453,1612256670,bc1qxkfe3z2pnew5uq0rfw7g705al3v068u79ez6sv,1p14aUUk5uVcdP5CAs5NsPCJyodmoqc8N,OUT,10000000,12025,False,2021-02-02 09:04:30+00:00,-10000000
738fce4b75fd9fa6212a47dce4aa7229e2bc5a62ce09f6206cac1b51d9d1e453,1612256670,bc1qxkfe3z2pnew5uq0rfw7g705al3v068u79ez6sv,bc1q34qxyy0m9s0n6kpsteujeen5qskjs8kexxqh87,OUT,11294200,12025,True,2021-02-02 09:04:30+00:00,-11294200
ed728cac9e65199711480ec3b09db540ef63720aebd3b0d80f767118800d6f22,1612430978,16yAQbC12MspFHN8kqvQrMBi3wPoqSAh56,1p14aUUk5uVcdP5CAs5NsPCJyodmoqc8N,OUT,24649696,37086,False,2021-02-04 09:29:38+00:00,-24686782
ed728cac9e65199711480ec3b09db540ef63720aebd3b0d80f767118800d6f22,1612430978,12U6mtUKsBdqx9PxLBrNS4ajgsJJFcEMr4,1p14aUUk5uVcdP5CAs5NsPCJyodmoqc8N,OUT,24649696,37086,False,2021-02-04 09:29:38+00:00,0
ed728cac9e65199711480ec3b09db540ef63720aebd3b0d80f767118800d6f22,1612430978,1HUzgTzyZSgbvspHP1xx58hCrj6KPXNwtj,1p14aUUk5uVcdP5CAs5NsPCJyodmoqc8N,OUT,24649696,37086,False,2021-02-04 09:29:38+00:00,0
ed728cac9e65199711480ec3b09db540ef63720aebd3b0d80f767118800d6f22,1612430978,1LbkBWrnkUiNic49NhrPqi68mD78VspAei,1p14aUUk5uVcdP5CAs5NsPCJyodmoqc8N,OUT,24649696,37086,False,2021-02-04 09:29:38+00:00,0
ed728cac9e65199711480ec3b09db540ef63720aebd3b0d80f767118800d6f22,1612430978,1KCA9uHbxgazEAwZij9WU6tzPphVsPQoF1,1p14aUUk5uVcdP5CAs5NsPCJyodmoqc8N,OUT,24649696,37086,False,2021-02-04 09:29:38+00:00,0
ed728cac9e65199711480ec3b09db540ef63720aebd3b0d80f767118800d6f22,1612430978,1EaRTktYtBy4MCUHZf5Mazjj7VPPaEuKBk,1p14aUUk5uVcdP5CAs5NsPCJyodmoqc8N,OUT,24649696,37086,False,2021-02-04 09:29:38+00:00,0
ed728cac9e65199711480ec3b09db540ef63720aebd3b0d80f767118800d6f22,1612430978,1zAitkTvph4np2AbfsRZTCzBD2MkiqdJo,1p14aUUk5uVcdP5CAs5NsPCJyodmoqc8N,OUT,24649696,37086,False,2021-02-04 09:29:38+00:00,0
5042740c9f366983cbaa08d4739adcddf3d9318af4515a7f29776d961c235e8b,1612529867,bc1q34qxyy0m9s0n6kpsteujeen5qskjs8kexxqh87,1p14aUUk5uVcdP5CAs5NsPCJyodmoqc8N,OUT,5284800,9400,False,2021-02-05 12:57:47+00:00,-5294200
5042740c9f366983cbaa08d4739adcddf3d9318af4515a7f29776d961c235e8b,1612529867,bc1q34qxyy0m9s0n6kpsteujeen5qskjs8kexxqh87,322MwtvpAGmJzdH58dsfFkkbcggWm3Tizd,OUT,6000000,9400,False,2021-02-05 12:57:47+00:00,-6000000
79326f921ebdffbe84f3aa2ab0557613d9583d7b3321c082727ea61ad8653a45,1612851677,bc1qh6na7upyapysll60hsd7jmsy2lewdt6ycwmfwd,1p14aUUk5uVcdP5CAs5NsPCJyodmoqc8N,OUT,37925555,31954,False,2021-02-09 06:21:17+00:00,-37957509
79326f921ebdffbe84f3aa2ab0557613d9583d7b3321c082727ea61ad8653a45,1612851677,bc1qsh4pf07z8vwlkv2mvfdur7epc39kygcyp6df5x,1p14aUUk5uVcdP5CAs5NsPCJyodmoqc8N,OUT,37925555,31954,False,2021-02-09 06:21:17+00:00,0
79326f921ebdffbe84f3aa2ab0557613d9583d7b3321c082727ea61ad8653a45,1612851677,bc1qe5jln97p8vhupk9g0quh58zfxn35ygnh2mmn57,1p14aUUk5uVcdP5CAs5NsPCJyodmoqc8N,OUT,37925555,31954,False,2021-02-09 06:21:17+00:00,0
79326f921ebdffbe84f3aa2ab0557613d9583d7b3321c082727ea61ad8653a45,1612851677,bc1qkjajl7xnr74nradyewsg025hnhdp5pnft3nlru,1p14aUUk5uVcdP5CAs5NsPCJyodmoqc8N,OUT,37925555,31954,False,2021-02-09 06:21:17+00:00,0
7d94fd9852e4c3df4a4a7f76dc7b8d77859c2c500900a69ae93e3078e994ae22,1615133684,bc1q6xe6wp2gqedazquv407gdej7rmx3wtmaqkphf7,1NDyJtNTjmwk5xPNhjgAMu4HDHigtobu1s,IN,50000000,0,False,2021-03-07 16:14:44+00:00,50000000
9ff92b9774ae85e549880879140f2b704bab0d6d8d1c15b5f80a5d8c1b321ca5,1625759376,bc1q6xe6wp2gqedazquv407gdej7rmx3wtmaqkphf7,1NDyJtNTjmwk5xPNhjgAMu4HDHigtobu1s,IN,18000000,0,False,2021-07-08 15:49:36+00:00,18000000
9a7d06a1f68168b0e9a0386b6eb8554b7c3492b58c18a723bd4e315ebbf50416,1629742726,bc1q6aeuh895ay6etqgkwcvy9rcczqqeenjfssnn7z,3BLBM5NLu4sTaM8Qux7A6gVa5FxHouYco9,IN,3993117,0,False,2021-08-23 18:18:46+00:00,3993117
24011abd7e12006864aba7ab1fecdd1c99502ed3cc17b28b0a9615c16861ac3a,1632576182,bc1q6xe6wp2gqedazquv407gdej7rmx3wtmaqkphf7,bc1ql6kwx2havlsw63lj24d7vakfqqzeuc88huqr4j,OUT,10000000,300,False,2021-09-25 13:23:02+00:00,-10000300
24011abd7e12006864aba7ab1fecdd1c99502ed3cc17b28b0a9615c16861ac3a,1632576182,bc1qqsxfr2qd7qrpr8nc2t7xaghyhdqh8zqkpnqll9,bc1q6xe6wp2gqedazquv407gdej7rmx3wtmaqkphf7,IN,57999700,0,True,2021-09-25 13:23:02+00:00,57999700
24011abd7e12006864aba7ab1fecdd1c99502ed3cc17b28b0a9615c16861ac3a,1632576182,bc1q6xe6wp2gqedazquv407gdej7rmx3wtmaqkphf7,bc1qqsxfr2qd7qrpr8nc2t7xaghyhdqh8zqkpnqll9,OUT,57999700,300,True,2021-09-25 13:23:02+00:00,-57999700
b6ebec5f02aeed0330ead2c97e74f55c8dc4eef5c1bc5e1c216d982589c2e87f,1645148768,bc1qrg0y9mtrcpc79ydvrle4w2ejs5zjrqn9haq7uj,bc1q6aeuh895ay6etqgkwcvy9rcczqqeenjfssnn7z,IN,3000000,0,True,2022-02-18 01:46:08+00:00,3000000
b6ebec5f02aeed0330ead2c97e74f55c8dc4eef5c1bc5e1c216d982589c2e87f,1645148768,bc1q6aeuh895ay6etqgkwcvy9rcczqqeenjfssnn7z,bc1qrg0y9mtrcpc79ydvrle4w2ejs5zjrqn9haq7uj,OUT,3000000,217,True,2022-02-18 01:46:08+00:00,-3000217
b6ebec5f02aeed0330ead2c97e74f55c8dc4eef5c1bc5e1c216d982589c2e87f,1645148768,bc1qec47t5nhunrxc6mvph3qc5pmjr8qmmpwmevk0x,bc1q6aeuh895ay6etqgkwcvy9rcczqqeenjfssnn7z,IN,992900,0,True,2022-02-18 01:46:08+00:00,992900
b6ebec5f02aeed0330ead2c97e74f55c8dc4eef5c1bc5e1c216d982589c2e87f,1645148768,bc1q6aeuh895ay6etqgkwcvy9rcczqqeenjfssnn7z,bc1qec47t5nhunrxc6mvph3qc5pmjr8qmmpwmevk0x,OUT,992900,217,True,2022-02-18 01:46:08+00:00,-992900
63318d9138382717aaadd45fb32ee0129cfc277b4d9803fb5e027b458458290d,1645165703,bc1qp6jkmuzqmph2jajqde692uzd65yeqp0vd7fp82,bc1qrg0y9mtrcpc79ydvrle4w2ejs5zjrqn9haq7uj,IN,1999680,0,True,2022-02-18 06:28:23+00:00,1999680
63318d9138382717aaadd45fb32ee0129cfc277b4d9803fb5e027b458458290d,1645165703,bc1qrg0y9mtrcpc79ydvrle4w2ejs5zjrqn9haq7uj,bc1qp6jkmuzqmph2jajqde692uzd65yeqp0vd7fp82,OUT,1999680,320,True,2022-02-18 06:28:23+00:00,-2000000
63318d9138382717aaadd45fb32ee0129cfc277b4d9803fb5e027b458458290d,1645165703,bc1qrg0y9mtrcpc79ydvrle4w2ejs5zjrqn9haq7uj,bc1qkgwlgvj98ftcqx46yw5972er3pjljr0640mml387jjfrytsd702q259496,OUT,1000000,320,False,2022-02-18 06:28:23+00:00,-1000000
63318d9138382717aaadd45fb32ee0129cfc277b4d9803fb5e027b458458290d,1645165703,bc1qrg0y9mtrcpc79ydvrle4w2ejs5zjrqn9haq7uj,,OUT,0,320,False,2022-02-18 06:28:23+00:00,0
b6e377e2eeaab9e3c68918fbdf85481de3b17a9f3fcac54c44f16d50f382ace7,1671022777,bc1qdxvw2sg96h33u6t2vgtmlhyhppvcy7f37au8yh,bc1qm34lsc65zpw79lxes69zkqmk6ee3ewf0j77s3h,IN,7961132,0,False,2022-12-14 12:59:37+00:00,7961132
c93cbc39527ab6a9a5a096f838820f6a4db8e7eef8311cf8daa7efcf07ec253e,1687595684,bc1qp6jkmuzqmph2jajqde692uzd65yeqp0vd7fp82,bc1qjwwrjrln3d8vpnehw4757exphrxwgpn2zj89knt52v9xdxwzezms4tzfjz,OUT,30000,2844,False,2023-06-24 08:34:44+00:00,-32844
c93cbc39527ab6a9a5a096f838820f6a4db8e7eef8311cf8daa7efcf07ec253e,1687595684,bc1q8ma3pyzgh9rwgmjd0nl0vskxypg5wulwp5qw83,bc1qp6jkmuzqmph2jajqde692uzd65yeqp0vd7fp82,IN,1966836,0,True,2023-06-24 08:34:44+00:00,1966836
c93cbc39527ab6a9a5a096f838820f6a4db8e7eef8311cf8daa7efcf07ec253e,1687595684,bc1qp6jkmuzqmph2jajqde692uzd65yeqp0vd7fp82,bc1q8ma3pyzgh9rwgmjd0nl0vskxypg5wulwp5qw83,OUT,1966836,2844,True,2023-06-24 08:34:44+00:00,-1966836
086c067dc109a4b2a2ef2c91424aa27f805196234ceaa1dbb3b5024e97a915d0,1687817761,bc1qmkwhfsk0mgvsfmld4e2vvvhuunh7hzh68tfrxs,bc1qjwwrjrln3d8vpnehw4757exphrxwgpn2zj89knt52v9xdxwzezms4tzfjz,IN,28219,0,False,2023-06-26 22:16:01+00:00,28219
993827e76cb2ff35032abc6536ee542f1d7fb67e50cce8de45862cc9a4cbcaca,1688137041,bc1qjjlplw87hjxuzzt2amtrp40gssy0lj7pe9w6um,bc1qda8q7f00ptps9y5mfj5mqncpxytwj3q8v0qjk5xl7acsm75m848qsw3gas,IN,334780,0,False,2023-06-30 14:57:21+00:00,334780
47133d52a26310e43f197c7eceec514132a3a77c511cade61aab30842ddf9178,1688753062,bc1qcya0j90k6sglqz92fc25aj7x0hj7tdmtrwgw3l,bc1q0hdazzh58runur9yg8v66eag2e3pe3prsah4xq,IN,16463766,0,False,2023-07-07 18:04:22+00:00,16463766
31788ddf1b36dd1aea692dc4fb645f8f23ba01ac135de9585a5d6156f41ec253,1688759677,bc1qakwlr2qjvn4tu5quyse48d3ufd4ynmudwdam26,3BcarVWqP1c3KKLNsANu9hdU65ghePpofR,IN,8919000,0,False,2023-07-07 19:54:37+00:00,8919000
595659450a925dbdae51648ca2ffc3f75fb664527d790dcf584fda4c79b0654f,1688759860,bc1q8n9r658a00p3k5pz5tmgvdn8ev687dn7c96m36,39PTVGL648PuryTFpWdA2pPEvkfV3QANCo,IN,4834600,0,False,2023-07-07 19:57:40+00:00,4834600
9797bf284674235fb19ab6ee04511079c0f0de58d0549c30b61de38ee37adbf9,1693454854,bc1q8ma3pyzgh9rwgmjd0nl0vskxypg5wulwp5qw83,bc1qkgwlgvj98ftcqx46yw5972er3pjljr0640mml387jjfrytsd702q259496,IN,327098,0,False,2023-08-31 04:07:34+00:00,327098
09b0cf4f26474d2ff3f3b17d53433cc79ba07b55a9fd4bdf7295ef03ef7aedea,1699111591,bc1q8ma3pyzgh9rwgmjd0nl0vskxypg5wulwp5qw83,bc1qplphmpj7ltedt0au5dcflytvpadw96s8u4l5sw,OUT,2287010,6924,True,2023-11-04 15:26:31+00:00,-2293934
e27916e31570a03dfe7431df5ecb041640a71559d490a6e3af21412b60237087,1699111591,bc1qqsxfr2qd7qrpr8nc2t7xaghyhdqh8zqkpnqll9,bc1q0dcje9wtpglg83dcca0a0y4uuc0f3lyafcn62s,OUT,58985605,6995,True,2023-11-04 15:26:31+00:00,-58992600
e27916e31570a03dfe7431df5ecb041640a71559d490a6e3af21412b60237087,1699111591,bc1qec47t5nhunrxc6mvph3qc5pmjr8qmmpwmevk0x,bc1q0dcje9wtpglg83dcca0a0y4uuc0f3lyafcn62s,OUT,58985605,6995,True,2023-11-04 15:26:31+00:00,0
09b0cf4f26474d2ff3f3b17d53433cc79ba07b55a9fd4bdf7295ef03ef7aedea,1699111591,bc1qplphmpj7ltedt0au5dcflytvpadw96s8u4l5sw,bc1q8ma3pyzgh9rwgmjd0nl0vskxypg5wulwp5qw83,IN,2287010,0,True,2023-11-04 15:26:31+00:00,2287010
e27916e31570a03dfe7431df5ecb041640a71559d490a6e3af21412b60237087,1699111591,bc1q0dcje9wtpglg83dcca0a0y4uuc0f3lyafcn62s,bc1qec47t5nhunrxc6mvph3qc5pmjr8qmmpwmevk0x,IN,58985605,0,True,2023-11-04 15:26:31+00:00,58985605
e19ad74338fe2f6064d83b5839026e9ca6a438091e9d48ecc6ed9d1d560aee78,1701649939,bc1qjjlplw87hjxuzzt2amtrp40gssy0lj7pe9w6um,bc1q29mxryaf3xm0d7mt5gc45d46gzyvws6ps03v8k,OUT,329280,5500,False,2023-12-04 00:32:19+00:00,-334780
199519f3bb371448839cc5de7e94c0480eeb1442f0aa38eaae4963e866e79e7b,1704333810,bc1q8n9r658a00p3k5pz5tmgvdn8ev687dn7c96m36,bc1qwdn0v9a65gjx56zfn3dtn47zmy5dhrctjm403j,OUT,4829100,5500,False,2024-01-04 02:03:30+00:00,-4834600
25adbc2f3c3a8f4f6346fb9bc5adf25f8f56e730c9028eab9671b65bae33e15a,1704347299,bc1qscmckfcaduu9rwcxsxquurs058jgfgryy6aczy,bc1q7w7w7zvt58z9nu05nfha72mzgf6jeerqztl6h5,IN,4808040,0,False,2024-01-04 05:48:19+00:00,4808040
9de6f463d8cd42e7f8155d745b1bf089d3742172c68eddd86d648ad76c14ab58,1704385156,bc1qscmckfcaduu9rwcxsxquurs058jgfgryy6aczy,bc1qxjz3weevm6565evp7wl004pj6hlg7nzmffdw0ghapky0aa4j0mnstgrx9j,OUT,4801940,6100,False,2024-01-04 16:19:16+00:00,-4808040
576298760e0970f3f24b5408359aa8f8865a0a026d643cadeabe47b4f14778a3,1704433595,bc1qqdxhw52a7njz8vpad7ch9haflt62pvs08922qp,39PTVGL648PuryTFpWdA2pPEvkfV3QANCo,IN,1406100,0,False,2024-01-05 05:46:35+00:00,1406100
5bea569e06c21c4f665d98dd49e01e9d407266be0668595e62ef3f404bfe4472,1704614018,bc1qa0hcxgu4ejk0j6audqerhuyzq382p7ke5a60r5,39PTVGL648PuryTFpWdA2pPEvkfV3QANCo,IN,730900,0,False,2024-01-07 07:53:38+00:00,730900
19d3090545cec3d522ea13e99b325306d1fed92373a2fad61f8138d554c2a70c,1706635943,bc1qyw5s9nna0f9kcw9a0z63f4jzt0vr5nc5e4gxec,bc1qakwlr2qjvn4tu5quyse48d3ufd4ynmudwdam26,IN,8512332,0,True,2024-01-30 17:32:23+00:00,8512332
19d3090545cec3d522ea13e99b325306d1fed92373a2fad61f8138d554c2a70c,1706635943,bc1qakwlr2qjvn4tu5quyse48d3ufd4ynmudwdam26,bc1qyw5s9nna0f9kcw9a0z63f4jzt0vr5nc5e4gxec,OUT,8512332,6668,True,2024-01-30 17:32:23+00:00,-8519000
19d3090545cec3d522ea13e99b325306d1fed92373a2fad61f8138d554c2a70c,1706635943,bc1qakwlr2qjvn4tu5quyse48d3ufd4ynmudwdam26,bc1q8ng2qcm4gr5cjtqk74u8wr39c9dettchuhzct9,OUT,400000,6668,False,2024-01-30 17:32:23+00:00,-400000
80aa3a581c86136ca6708521c71500ffbffab35e781261ac00841cb8ea57624f,1706808784,bc1qyw5s9nna0f9kcw9a0z63f4jzt0vr5nc5e4gxec,bc1pe6568a3j5tyxaqjrja04ugq8txwnq82xyvema3wu3g0jjlk9gjjqttqrw5,OUT,500000,6032,False,2024-02-01 17:33:04+00:00,-506032
80aa3a581c86136ca6708521c71500ffbffab35e781261ac00841cb8ea57624f,1706808784,bc1qyw5s9nna0f9kcw9a0z63f4jzt0vr5nc5e4gxec,bc1q8tr3v7epsge47yqe7ywa0ttxakze47njph50wt,OUT,8006300,6032,True,2024-02-01 17:33:04+00:00,-8006300
80aa3a581c86136ca6708521c71500ffbffab35e781261ac00841cb8ea57624f,1706808784,bc1q8tr3v7epsge47yqe7ywa0ttxakze47njph50wt,bc1qyw5s9nna0f9kcw9a0z63f4jzt0vr5nc5e4gxec,IN,8006300,0,True,2024-02-01 17:33:04+00:00,8006300
741098ebd0090931b55452c14046593689452eac445eec16dfdff5c1532c0aeb,1707126454,bc1qa0hcxgu4ejk0j6audqerhuyzq382p7ke5a60r5,bc1q4hv8l4g5j4pzanwc5yuhfssw8utz4pvzypga0h,OUT,527500,3400,True,2024-02-05 09:47:34+00:00,-530900
741098ebd0090931b55452c14046593689452eac445eec16dfdff5c1532c0aeb,1707126454,bc1qa0hcxgu4ejk0j6audqerhuyzq382p7ke5a60r5,bc1qppmjh9efgl9mk09uw9lcn6kluf650x20t0jljs,OUT,200000,3400,False,2024-02-05 09:47:34+00:00,-200000
741098ebd0090931b55452c14046593689452eac445eec16dfdff5c1532c0aeb,1707126454,bc1q4hv8l4g5j4pzanwc5yuhfssw8utz4pvzypga0h,bc1qa0hcxgu4ejk0j6audqerhuyzq382p7ke5a60r5,IN,527500,0,True,2024-02-05 09:47:34+00:00,527500
9c56abc5431cb960c4e1fb164a45fe91726eee5174ab346a9fc0c9e3a6d06ee3,1707714928,bc1qmkwhfsk0mgvsfmld4e2vvvhuunh7hzh68tfrxs,bc1q8tr3v7epsge47yqe7ywa0ttxakze47njph50wt,OUT,26310,1909,True,2024-02-12 05:15:28+00:00,-28219
9c56abc5431cb960c4e1fb164a45fe91726eee5174ab346a9fc0c9e3a6d06ee3,1707714928,bc1qmkwhfsk0mgvsfmld4e2vvvhuunh7hzh68tfrxs,,OUT,0,1909,False,2024-02-12 05:15:28+00:00,0
9c56abc5431cb960c4e1fb164a45fe91726eee5174ab346a9fc0c9e3a6d06ee3,1707714928,bc1q8tr3v7epsge47yqe7ywa0ttxakze47njph50wt,bc1qmkwhfsk0mgvsfmld4e2vvvhuunh7hzh68tfrxs,IN,26310,0,True,2024-02-12 05:15:28+00:00,26310
56fa53fde6b3caa4c42d2ab512726da2306bad70c77a9f04382a2c3e004c4d0f,1708539123,bc1qdxvw2sg96h33u6t2vgtmlhyhppvcy7f37au8yh,1Gran4mdAfqWWyyTaGgbZ2fHQVMnbZETKe,OUT,7957855,3277,False,2024-02-21 18:12:03+00:00,-7961132
a1390e4ab4f7688e2c4a054ff10e79d6693aede37bf2e2736606e05ff277e2c4,1709922097,bc1qqdxhw52a7njz8vpad7ch9haflt62pvs08922qp,3BhoUKenBjJz61ebw9DjpgSKY3PzKvG1tH,OUT,1283870,3130,False,2024-03-08 18:21:37+00:00,-1287000
a1390e4ab4f7688e2c4a054ff10e79d6693aede37bf2e2736606e05ff277e2c4,1709922097,bc1qk0anetvyswuwn30898krzshkd862ytn744pug9,bc1qqdxhw52a7njz8vpad7ch9haflt62pvs08922qp,IN,119100,0,True,2024-03-08 18:21:37+00:00,119100
a1390e4ab4f7688e2c4a054ff10e79d6693aede37bf2e2736606e05ff277e2c4,1709922097,bc1qqdxhw52a7njz8vpad7ch9haflt62pvs08922qp,bc1qk0anetvyswuwn30898krzshkd862ytn744pug9,OUT,119100,3130,True,2024-03-08 18:21:37+00:00,-119100
5a0935608145cc61342ed8e50a976a9fb3feef582629bcf746d2ac336d81cb47,1710066219,bc1qde74h77v7527xvzgkupu3q4qajzz6cpx39cysf,bc1q8tr3v7epsge47yqe7ywa0ttxakze47njph50wt,IN,6026200,0,True,2024-03-10 10:23:39+00:00,6026200
5a0935608145cc61342ed8e50a976a9fb3feef582629bcf746d2ac336d81cb47,1710066219,bc1q8tr3v7epsge47yqe7ywa0ttxakze47njph50wt,bc1qde74h77v7527xvzgkupu3q4qajzz6cpx39cysf,OUT,6026200,6410,True,2024-03-10 10:23:39+00:00,-6032610
5a0935608145cc61342ed8e50a976a9fb3feef582629bcf746d2ac336d81cb47,1710066219,bc1q8tr3v7epsge47yqe7ywa0ttxakze47njph50wt,1L5tJajbRper1EeHomkJR9G2JNHGh5jUH2,OUT,2000000,6410,False,2024-03-10 10:23:39+00:00,-2000000
d28340b1f3556a43e78d683b8f711032bc210e59c81fc82b92ba39c0d24fa036,1710073347,bc1qs99c4lntjtc6qe83vx47nnfytz29f0x72l008u,bc1qde74h77v7527xvzgkupu3q4qajzz6cpx39cysf,IN,5023900,0,True,2024-03-10 12:22:27+00:00,5023900
d28340b1f3556a43e78d683b8f711032bc210e59c81fc82b92ba39c0d24fa036,1710073347,bc1qde74h77v7527xvzgkupu3q4qajzz6cpx39cysf,bc1q9fz6hzkcws47ng9uuy2f2rj2c624ktzccuwtxl,OUT,1000000,2300,False,2024-03-10 12:22:27+00:00,-1002300
d28340b1f3556a43e78d683b8f711032bc210e59c81fc82b92ba39c0d24fa036,1710073347,bc1qde74h77v7527xvzgkupu3q4qajzz6cpx39cysf,bc1qs99c4lntjtc6qe83vx47nnfytz29f0x72l008u,OUT,5023900,2300,True,2024-03-10 12:22:27+00:00,-5023900
73d6b4b1872181ef09d295fad13a2c61b536465489c3d967f0ea327645927252,1710576466,bc1qap29ycz63dsu4klkh397udav4u2k7zwkglg2es,bc1q4hv8l4g5j4pzanwc5yuhfssw8utz4pvzypga0h,IN,21100,0,True,2024-03-16 08:07:46+00:00,21100
73d6b4b1872181ef09d295fad13a2c61b536465489c3d967f0ea327645927252,1710576466,bc1q4hv8l4g5j4pzanwc5yuhfssw8utz4pvzypga0h,3GX1sd8egi1Huwb2NiknLBmQBXzt6hbYb2,OUT,500000,6400,False,2024-03-16 08:07:46+00:00,-506400
73d6b4b1872181ef09d295fad13a2c61b536465489c3d967f0ea327645927252,1710576466,bc1q4hv8l4g5j4pzanwc5yuhfssw8utz4pvzypga0h,bc1qap29ycz63dsu4klkh397udav4u2k7zwkglg2es,OUT,21100,6400,True,2024-03-16 08:07:46+00:00,-21100
6e598c16300622ec5f909dab025c01b79edcd23656bbd65d3e62e83f3312f14a,1710655294,bc1qap29ycz63dsu4klkh397udav4u2k7zwkglg2es,bc1q35lvgww0yurtw98hjwqgzhzzvrggk4lym6fyj9,OUT,18910,2189,True,2024-03-17 06:01:34+00:00,-21099
6e598c16300622ec5f909dab025c01b79edcd23656bbd65d3e62e83f3312f14a,1710655294,bc1q35lvgww0yurtw98hjwqgzhzzvrggk4lym6fyj9,bc1qap29ycz63dsu4klkh397udav4u2k7zwkglg2es,IN,18910,0,True,2024-03-17 06:01:34+00:00,18910
6e598c16300622ec5f909dab025c01b79edcd23656bbd65d3e62e83f3312f14a,1710655294,bc1qap29ycz63dsu4klkh397udav4u2k7zwkglg2es,,OUT,1,2189,False,2024-03-17 06:01:34+00:00,-1
992c905f909136f00e095efd1154d32215ea3de6d1210697e2d8e53af3ba4db3,1710655325,bc1qkaqwhd3gjj30xfxs2khcgldtuvzlvfl50d7yds,bc1q35lvgww0yurtw98hjwqgzhzzvrggk4lym6fyj9,IN,16899,0,True,2024-03-17 06:02:05+00:00,16899
992c905f909136f00e095efd1154d32215ea3de6d1210697e2d8e53af3ba4db3,1710655325,bc1q35lvgww0yurtw98hjwqgzhzzvrggk4lym6fyj9,bc1qkaqwhd3gjj30xfxs2khcgldtuvzlvfl50d7yds,OUT,16899,2010,True,2024-03-17 06:02:05+00:00,-18909
992c905f909136f00e095efd1154d32215ea3de6d1210697e2d8e53af3ba4db3,1710655325,bc1q35lvgww0yurtw98hjwqgzhzzvrggk4lym6fyj9,,OUT,1,2010,False,2024-03-17 06:02:05+00:00,-1
343efca4d9605b32b97a0f9537bfc681e76753f59f875060df888727a0abba97,1710655432,bc1qwxjecx2kyefxmlmn8fxcegg5l49tpu6dej9anh,bc1qkaqwhd3gjj30xfxs2khcgldtuvzlvfl50d7yds,IN,14687,0,True,2024-03-17 06:03:52+00:00,14687
343efca4d9605b32b97a0f9537bfc681e76753f59f875060df888727a0abba97,1710655432,bc1qkaqwhd3gjj30xfxs2khcgldtuvzlvfl50d7yds,bc1qwxjecx2kyefxmlmn8fxcegg5l49tpu6dej9anh,OUT,14687,2211,True,2024-03-17 06:03:52+00:00,-16898
343efca4d9605b32b97a0f9537bfc681e76753f59f875060df888727a0abba97,1710655432,bc1qkaqwhd3gjj30xfxs2khcgldtuvzlvfl50d7yds,,OUT,1,2211,False,2024-03-17 06:03:52+00:00,-1
8b1c67449ec641d4566cca8c8cf07d0f66f7cda1a0123a90199ba23014f5f9e4,1710655432,bc1qwxjecx2kyefxmlmn8fxcegg5l49tpu6dej9anh,,OUT,1,1809,False,2024-03-17 06:03:52+00:00,-1810
8b1c67449ec641d4566cca8c8cf07d0f66f7cda1a0123a90199ba23014f5f9e4,1710655432,bc1qwxjecx2kyefxmlmn8fxcegg5l49tpu6dej9anh,bc1qzm5nsncwuqvxxf9gndr3gag77vhctpku8kpcac,OUT,12877,1809,True,2024-03-17 06:03:52+00:00,-12877
8b1c67449ec641d4566cca8c8cf07d0f66f7cda1a0123a90199ba23014f5f9e4,1710655432,bc1qzm5nsncwuqvxxf9gndr3gag77vhctpku8kpcac,bc1qwxjecx2kyefxmlmn8fxcegg5l49tpu6dej9anh,IN,12877,0,True,2024-03-17 06:03:52+00:00,12877
50e188b50f3bdeb4f2570a7516f3f03c3fd55dda2af097e409325e3d701f2fec,1710659527,bc1qzm5nsncwuqvxxf9gndr3gag77vhctpku8kpcac,,OUT,1,1809,False,2024-03-17 07:12:07+00:00,-1810
ee8efab8c01568d49406acea95b26e11b681cf88e2a01ed6f3659c34be459715,1710659527,bc1q5jg5tvy4wef4uj9zuad87l2pl043k5dvwua6vd,bc1q76l0mufqp3864f380036jlnmx65gc4nalg0mwy,IN,7474,0,True,2024-03-17 07:12:07+00:00,7474
af4568028fbf44ebcf65946aa91ddbe310a77ebeeff6021329bf6549aa55c39a,1710659527,bc1q76l0mufqp3864f380036jlnmx65gc4nalg0mwy,bc1qrshsr6x6dnjr042nz0z6ttnpxp7dcdxp4tj5r4,IN,9257,0,True,2024-03-17 07:12:07+00:00,9257
ee8efab8c01568d49406acea95b26e11b681cf88e2a01ed6f3659c34be459715,1710659527,bc1q76l0mufqp3864f380036jlnmx65gc4nalg0mwy,bc1q5jg5tvy4wef4uj9zuad87l2pl043k5dvwua6vd,OUT,7474,1782,True,2024-03-17 07:12:07+00:00,-9256
ee8efab8c01568d49406acea95b26e11b681cf88e2a01ed6f3659c34be459715,1710659527,bc1q76l0mufqp3864f380036jlnmx65gc4nalg0mwy,,OUT,1,1782,False,2024-03-17 07:12:07+00:00,-1
af4568028fbf44ebcf65946aa91ddbe310a77ebeeff6021329bf6549aa55c39a,1710659527,bc1qrshsr6x6dnjr042nz0z6ttnpxp7dcdxp4tj5r4,,OUT,1,1809,False,2024-03-17 07:12:07+00:00,-1810
af4568028fbf44ebcf65946aa91ddbe310a77ebeeff6021329bf6549aa55c39a,1710659527,bc1qrshsr6x6dnjr042nz0z6ttnpxp7dcdxp4tj5r4,bc1q76l0mufqp3864f380036jlnmx65gc4nalg0mwy,OUT,9257,1809,True,2024-03-17 07:12:07+00:00,-9257
50e188b50f3bdeb4f2570a7516f3f03c3fd55dda2af097e409325e3d701f2fec,1710659527,bc1qzm5nsncwuqvxxf9gndr3gag77vhctpku8kpcac,bc1qrshsr6x6dnjr042nz0z6ttnpxp7dcdxp4tj5r4,OUT,11067,1809,True,2024-03-17 07:12:07+00:00,-12876
50e188b50f3bdeb4f2570a7516f3f03c3fd55dda2af097e409325e3d701f2fec,1710659527,bc1qrshsr6x6dnjr042nz0z6ttnpxp7dcdxp4tj5r4,bc1qzm5nsncwuqvxxf9gndr3gag77vhctpku8kpcac,IN,11067,0,True,2024-03-17 07:12:07+00:00,11067
63360072cd2825ea45e94960773cbeed6bfa8cb5714f8b732d500a4e1b721e8f,1710707999,bc1qcya0j90k6sglqz92fc25aj7x0hj7tdmtrwgw3l,bc1qf49updtaqm8px56ncrmgwq39gjnah0cu7vkxxephkv5sv67jyvwqggvh53,OUT,16461448,2318,False,2024-03-17 20:39:59+00:00,-16463766
9095e7bd1d5919c50a5fb3fa2fe0b2674961bdb03dbf5ceaa0717f4d27cfacb8,1718725601,bc1qqdxhw52a7njz8vpad7ch9haflt62pvs08922qp,39PTVGL648PuryTFpWdA2pPEvkfV3QANCo,IN,1152000,0,False,2024-06-18 15:46:41+00:00,1152000
219ccb4898c8bb7e4ec2dc9a1254abe4cab0755cd54e39c4f3cb992ac50a9dad,1719016324,bc1qk0anetvyswuwn30898krzshkd862ytn744pug9,1L5tJajbRper1EeHomkJR9G2JNHGh5jUH2,OUT,1276084,2490,False,2024-06-22 00:32:04+00:00,-1278574
219ccb4898c8bb7e4ec2dc9a1254abe4cab0755cd54e39c4f3cb992ac50a9dad,1719016324,bc1q5jg5tvy4wef4uj9zuad87l2pl043k5dvwua6vd,1L5tJajbRper1EeHomkJR9G2JNHGh5jUH2,OUT,1276084,2490,False,2024-06-22 00:32:04+00:00,0
219ccb4898c8bb7e4ec2dc9a1254abe4cab0755cd54e39c4f3cb992ac50a9dad,1719016324,bc1qqdxhw52a7njz8vpad7ch9haflt62pvs08922qp,1L5tJajbRper1EeHomkJR9G2JNHGh5jUH2,OUT,1276084,2490,False,2024-06-22 00:32:04+00:00,0
ce5bc20db9c2ab2704114d2c227abe009573543c613a7835b64c9ec4792d238a,1733077270,bc1qs99c4lntjtc6qe83vx47nnfytz29f0x72l008u,bc1qkmg3n96p0fc0787vgqe9cpp2dp4gxvrgvtz5gv,OUT,4805500,900,True,2024-12-01 18:21:10+00:00,-4806400
ce5bc20db9c2ab2704114d2c227abe009573543c613a7835b64c9ec4792d238a,1733077270,bc1qs99c4lntjtc6qe83vx47nnfytz29f0x72l008u,bc1qrx229mq4jccflfg4lmyken8m5fd08uy9qwujc7,OUT,217500,900,False,2024-12-01 18:21:10+00:00,-217500
ce5bc20db9c2ab2704114d2c227abe009573543c613a7835b64c9ec4792d238a,1733077270,bc1qkmg3n96p0fc0787vgqe9cpp2dp4gxvrgvtz5gv,bc1qs99c4lntjtc6qe83vx47nnfytz29f0x72l008u,IN,4805500,0,True,2024-12-01 18:21:10+00:00,4805500
822937cba04ba3533e2978525b7f9186911c7b3efdd9d5ad1a4a1ab8e20f577a,1734522164,bc1q5mydhdedq2eaahtzwfgw659m5vlv2g53a4j4z5,bc1qkmg3n96p0fc0787vgqe9cpp2dp4gxvrgvtz5gv,IN,3804600,0,True,2024-12-18 11:42:44+00:00,3804600
822937cba04ba3533e2978525b7f9186911c7b3efdd9d5ad1a4a1ab8e20f577a,1734522164,bc1qkmg3n96p0fc0787vgqe9cpp2dp4gxvrgvtz5gv,bc1q5mydhdedq2eaahtzwfgw659m5vlv2g53a4j4z5,OUT,3804600,900,True,2024-12-18 11:42:44+00:00,-3805500
822937cba04ba3533e2978525b7f9186911c7b3efdd9d5ad1a4a1ab8e20f577a,1734522164,bc1qkmg3n96p0fc0787vgqe9cpp2dp4gxvrgvtz5gv,bc1qn5xu9f0tuy0wrhfqt9mfqxhv06xmrk9zp6wnfv,OUT,1000000,900,False,2024-12-18 11:42:44+00:00,-1000000
25628a642be7ba7b709c179032b5d6e2019a1900349e086d005fe52281873ad6,1744557221,bc1qv27t2x35v3d4wll3z4pcy00m77qude4wh4kqc3,39PTVGL648PuryTFpWdA2pPEvkfV3QANCo,IN,1567600,0,False,2025-04-13 15:13:41+00:00,1567600
e98f5130d622218957516ef1a7728870fb1d50eda2fb2b9f41de2da940c4cc09,1752938304,bc1q2rm5mhzdl20ade659r4jzjtpxh4m0jsmcyme3w,bc1q0dcje9wtpglg83dcca0a0y4uuc0f3lyafcn62s,IN,55985400,0,True,2025-07-19 15:18:24+00:00,55985400
e98f5130d622218957516ef1a7728870fb1d50eda2fb2b9f41de2da940c4cc09,1752938304,bc1qxx0sk2arcw5lx06x9xfjuh89ccdvwvk9e33q8w,bc1q0dcje9wtpglg83dcca0a0y4uuc0f3lyafcn62s,IN,3000000,0,True,2025-07-19 15:18:24+00:00,3000000
e98f5130d622218957516ef1a7728870fb1d50eda2fb2b9f41de2da940c4cc09,1752938304,bc1q0dcje9wtpglg83dcca0a0y4uuc0f3lyafcn62s,bc1qxx0sk2arcw5lx06x9xfjuh89ccdvwvk9e33q8w,OUT,3000000,205,True,2025-07-19 15:18:24+00:00,-3000205
e98f5130d622218957516ef1a7728870fb1d50eda2fb2b9f41de2da940c4cc09,1752938304,bc1q0dcje9wtpglg83dcca0a0y4uuc0f3lyafcn62s,bc1q2rm5mhzdl20ade659r4jzjtpxh4m0jsmcyme3w,OUT,55985400,205,True,2025-07-19 15:18:24+00:00,-55985400
e95be872002815a21b302291588f03f806bcb94b1b993435030a6b8d0f00c2e5,1752975339,bc1q7qgxa39mfrlr8l7jrurm8ftpm0sm4zym3m084r,bc1q45jl0gh8dauttc4wr02jsfwshr3jwlnnqc3uxm,IN,998859,0,False,2025-07-20 01:35:39+00:00,998859
f7e8fed5ed0baeff0493d21950f564262500acc3d1f456844df63a219354ef7b,1753020304,bc1qv27t2x35v3d4wll3z4pcy00m77qude4wh4kqc3,bc1qy9prhkdrjza0vchdtfvgtt0nlu626wkfjswdae,OUT,50330,290,False,2025-07-20 14:05:04+00:00,-50620
f7e8fed5ed0baeff0493d21950f564262500acc3d1f456844df63a219354ef7b,1753020304,bc1q5rsznfg3lvyv2ca9lmh4fatz589tamnnj9lcxv,bc1qv27t2x35v3d4wll3z4pcy00m77qude4wh4kqc3,IN,1516980,0,True,2025-07-20 14:05:04+00:00,1516980
f7e8fed5ed0baeff0493d21950f564262500acc3d1f456844df63a219354ef7b,1753020304,bc1qv27t2x35v3d4wll3z4pcy00m77qude4wh4kqc3,bc1q5rsznfg3lvyv2ca9lmh4fatz589tamnnj9lcxv,OUT,1516980,290,True,2025-07-20 14:05:04+00:00,-1516980
a06992190beceb531a18d1af3b948633ef4485bc08433270b1e0354caa7aebdd,1753476306,bc1qk4632hywer3cjgmezwxrhazestyzwpspxeahd3,bc1qyutlkmaq428se0mx5ypjg4cfv6948ujh8myfec,IN,2007708,0,False,2025-07-25 20:45:06+00:00,2007708
d49efb643b23683a2d68a0ffc40a61fe0303a748b4ed3e7a808d1891b7b41d4c,1755354935,bc1q3c0f7k8e75t2mw06932fvwkuwy08e56gw0pk5v,bc1phuqjjp63zan27ujwy93hqvcmqs86x357etcc3syfj8v2dghy87csn23r9q,IN,17708,0,False,2025-08-16 14:35:35+00:00,17708
5a1cc1771f87da4533b326c002578cbb6f1bf7cb697c1040e45307440d70c01d,1755357532,bc1q3c0f7k8e75t2mw06932fvwkuwy08e56gw0pk5v,bc1qtqntg36nkts38gx7xc7y23c6r6sly6zyjww8my,OUT,2304540,178,True,2025-08-16 15:18:52+00:00,-2304718
5a1cc1771f87da4533b326c002578cbb6f1bf7cb697c1040e45307440d70c01d,1755357532,bc1qplphmpj7ltedt0au5dcflytvpadw96s8u4l5sw,bc1qtqntg36nkts38gx7xc7y23c6r6sly6zyjww8my,OUT,2304540,178,True,2025-08-16 15:18:52+00:00,0
5a1cc1771f87da4533b326c002578cbb6f1bf7cb697c1040e45307440d70c01d,1755357532,bc1qtqntg36nkts38gx7xc7y23c6r6sly6zyjww8my,bc1q3c0f7k8e75t2mw06932fvwkuwy08e56gw0pk5v,IN,2304540,0,True,2025-08-16 15:18:52+00:00,2304540
710c1b70048e3b922baf840c12df08edc06facb7e23495888060a4437b44c862,1759581004,bc1qypqcwd2fvju0pz2qmf7jc9990lrp4yk57euvza,bc1q6uquuhn480v52nf58j9rhpkcfg7rfkl48h9lw0,IN,7130587,0,False,2025-10-04 12:30:04+00:00,7130587
